Analysis & Synthesis report for pl_riscv_cpu
Fri Jan 10 23:09:28 2025
Quartus Prime Version 20.1.1 Build 720 11/11/2020 SJ Lite Edition


---------------------
; Table of Contents ;
---------------------
  1. Legal Notice
  2. Analysis & Synthesis Summary
  3. Analysis & Synthesis Settings
  4. Parallel Compilation
  5. Analysis & Synthesis Source Files Read
  6. Analysis & Synthesis Resource Usage Summary
  7. Analysis & Synthesis Resource Utilization by Entity
  8. Analysis & Synthesis RAM Summary
  9. User-Specified and Inferred Latches
 10. Registers Removed During Synthesis
 11. General Register Statistics
 12. Registers Packed Into Inferred Megafunctions
 13. Multiplexer Restructuring Statistics (Restructuring Performed)
 14. Source assignments for riscv_cpu:rvcpu|datapath:dp|reg_file:rf|altsyncram:reg_file_arr_rtl_0|altsyncram_84i1:auto_generated
 15. Source assignments for riscv_cpu:rvcpu|datapath:dp|reg_file:rf|altsyncram:reg_file_arr_rtl_1|altsyncram_84i1:auto_generated
 16. Source assignments for riscv_cpu:rvcpu|datapath:dp|pl_reg_de:plde|altshift_taps:auiE_rtl_0|shift_taps_a6m:auto_generated|altsyncram_vk31:altsyncram4
 17. Parameter Settings for User Entity Instance: riscv_cpu:rvcpu|datapath:dp|mux2:pcmux
 18. Parameter Settings for User Entity Instance: riscv_cpu:rvcpu|datapath:dp|mux2:jalrmux
 19. Parameter Settings for User Entity Instance: riscv_cpu:rvcpu|datapath:dp|reset_ff:pcreg
 20. Parameter Settings for User Entity Instance: riscv_cpu:rvcpu|datapath:dp|adder:pcadd4
 21. Parameter Settings for User Entity Instance: riscv_cpu:rvcpu|datapath:dp|reg_file:rf
 22. Parameter Settings for User Entity Instance: riscv_cpu:rvcpu|datapath:dp|adder:pcaddbranch
 23. Parameter Settings for User Entity Instance: riscv_cpu:rvcpu|datapath:dp|mux3:srcA_rd1eMux
 24. Parameter Settings for User Entity Instance: riscv_cpu:rvcpu|datapath:dp|mux3:wrDE_rd2eMux
 25. Parameter Settings for User Entity Instance: riscv_cpu:rvcpu|datapath:dp|mux2:srcbmux
 26. Parameter Settings for User Entity Instance: riscv_cpu:rvcpu|datapath:dp|alu:alu
 27. Parameter Settings for User Entity Instance: riscv_cpu:rvcpu|datapath:dp|adder:auipcadder
 28. Parameter Settings for User Entity Instance: riscv_cpu:rvcpu|datapath:dp|mux2:lauipcmux
 29. Parameter Settings for User Entity Instance: riscv_cpu:rvcpu|datapath:dp|mux4:resultmux
 30. Parameter Settings for User Entity Instance: instr_mem:instrmem
 31. Parameter Settings for User Entity Instance: data_mem:datamem
 32. Parameter Settings for Inferred Entity Instance: riscv_cpu:rvcpu|datapath:dp|reg_file:rf|altsyncram:reg_file_arr_rtl_0
 33. Parameter Settings for Inferred Entity Instance: riscv_cpu:rvcpu|datapath:dp|reg_file:rf|altsyncram:reg_file_arr_rtl_1
 34. Parameter Settings for Inferred Entity Instance: riscv_cpu:rvcpu|datapath:dp|pl_reg_de:plde|altshift_taps:auiE_rtl_0
 35. altsyncram Parameter Settings by Entity Instance
 36. altshift_taps Parameter Settings by Entity Instance
 37. Port Connectivity Checks: "riscv_cpu:rvcpu|datapath:dp|mux2:lauipcmux"
 38. Port Connectivity Checks: "riscv_cpu:rvcpu|datapath:dp|adder:auipcadder"
 39. Port Connectivity Checks: "riscv_cpu:rvcpu|datapath:dp|adder:pcadd4"
 40. Port Connectivity Checks: "riscv_cpu:rvcpu|datapath:dp"
 41. Post-Synthesis Netlist Statistics for Top Partition
 42. Elapsed Time Per Partition
 43. Analysis & Synthesis Messages
 44. Analysis & Synthesis Suppressed Messages



----------------
; Legal Notice ;
----------------
Copyright (C) 2020  Intel Corporation. All rights reserved.
Your use of Intel Corporation's design tools, logic functions 
and other software and tools, and any partner logic 
functions, and any output files from any of the foregoing 
(including device programming or simulation files), and any 
associated documentation or information are expressly subject 
to the terms and conditions of the Intel Program License 
Subscription Agreement, the Intel Quartus Prime License Agreement,
the Intel FPGA IP License Agreement, or other applicable license
agreement, including, without limitation, that your use is for
the sole purpose of programming logic devices manufactured by
Intel and sold by Intel or its authorized distributors.  Please
refer to the applicable agreement for further details, at
https://fpgasoftware.intel.com/eula.



+----------------------------------------------------------------------------------+
; Analysis & Synthesis Summary                                                     ;
+------------------------------------+---------------------------------------------+
; Analysis & Synthesis Status        ; Successful - Fri Jan 10 23:09:28 2025       ;
; Quartus Prime Version              ; 20.1.1 Build 720 11/11/2020 SJ Lite Edition ;
; Revision Name                      ; pl_riscv_cpu                                ;
; Top-level Entity Name              ; pl_riscv_cpu                                ;
; Family                             ; Cyclone IV E                                ;
; Total logic elements               ; 5,623                                       ;
;     Total combinational functions  ; 3,429                                       ;
;     Dedicated logic registers      ; 2,590                                       ;
; Total registers                    ; 2590                                        ;
; Total pins                         ; 292                                         ;
; Total virtual pins                 ; 0                                           ;
; Total memory bits                  ; 2,144                                       ;
; Embedded Multiplier 9-bit elements ; 0                                           ;
; Total PLLs                         ; 0                                           ;
+------------------------------------+---------------------------------------------+


+------------------------------------------------------------------------------------------------------------+
; Analysis & Synthesis Settings                                                                              ;
+------------------------------------------------------------------+--------------------+--------------------+
; Option                                                           ; Setting            ; Default Value      ;
+------------------------------------------------------------------+--------------------+--------------------+
; Device                                                           ; EP4CE22F17C6       ;                    ;
; Top-level entity name                                            ; pl_riscv_cpu       ; pl_riscv_cpu       ;
; Family name                                                      ; Cyclone IV E       ; Cyclone V          ;
; Use smart compilation                                            ; Off                ; Off                ;
; Enable parallel Assembler and Timing Analyzer during compilation ; On                 ; On                 ;
; Enable compact report table                                      ; Off                ; Off                ;
; Restructure Multiplexers                                         ; Auto               ; Auto               ;
; Create Debugging Nodes for IP Cores                              ; Off                ; Off                ;
; Preserve fewer node names                                        ; On                 ; On                 ;
; Intel FPGA IP Evaluation Mode                                    ; Enable             ; Enable             ;
; Verilog Version                                                  ; Verilog_2001       ; Verilog_2001       ;
; VHDL Version                                                     ; VHDL_1993          ; VHDL_1993          ;
; State Machine Processing                                         ; Auto               ; Auto               ;
; Safe State Machine                                               ; Off                ; Off                ;
; Extract Verilog State Machines                                   ; On                 ; On                 ;
; Extract VHDL State Machines                                      ; On                 ; On                 ;
; Ignore Verilog initial constructs                                ; Off                ; Off                ;
; Iteration limit for constant Verilog loops                       ; 5000               ; 5000               ;
; Iteration limit for non-constant Verilog loops                   ; 250                ; 250                ;
; Add Pass-Through Logic to Inferred RAMs                          ; On                 ; On                 ;
; Infer RAMs from Raw Logic                                        ; On                 ; On                 ;
; Parallel Synthesis                                               ; On                 ; On                 ;
; DSP Block Balancing                                              ; Auto               ; Auto               ;
; NOT Gate Push-Back                                               ; On                 ; On                 ;
; Power-Up Don't Care                                              ; On                 ; On                 ;
; Remove Redundant Logic Cells                                     ; Off                ; Off                ;
; Remove Duplicate Registers                                       ; On                 ; On                 ;
; Ignore CARRY Buffers                                             ; Off                ; Off                ;
; Ignore CASCADE Buffers                                           ; Off                ; Off                ;
; Ignore GLOBAL Buffers                                            ; Off                ; Off                ;
; Ignore ROW GLOBAL Buffers                                        ; Off                ; Off                ;
; Ignore LCELL Buffers                                             ; Off                ; Off                ;
; Ignore SOFT Buffers                                              ; On                 ; On                 ;
; Limit AHDL Integers to 32 Bits                                   ; Off                ; Off                ;
; Optimization Technique                                           ; Balanced           ; Balanced           ;
; Carry Chain Length                                               ; 70                 ; 70                 ;
; Auto Carry Chains                                                ; On                 ; On                 ;
; Auto Open-Drain Pins                                             ; On                 ; On                 ;
; Perform WYSIWYG Primitive Resynthesis                            ; Off                ; Off                ;
; Auto ROM Replacement                                             ; On                 ; On                 ;
; Auto RAM Replacement                                             ; On                 ; On                 ;
; Auto DSP Block Replacement                                       ; On                 ; On                 ;
; Auto Shift Register Replacement                                  ; Auto               ; Auto               ;
; Allow Shift Register Merging across Hierarchies                  ; Auto               ; Auto               ;
; Auto Clock Enable Replacement                                    ; On                 ; On                 ;
; Strict RAM Replacement                                           ; Off                ; Off                ;
; Allow Synchronous Control Signals                                ; On                 ; On                 ;
; Force Use of Synchronous Clear Signals                           ; Off                ; Off                ;
; Auto RAM Block Balancing                                         ; On                 ; On                 ;
; Auto RAM to Logic Cell Conversion                                ; Off                ; Off                ;
; Auto Resource Sharing                                            ; Off                ; Off                ;
; Allow Any RAM Size For Recognition                               ; Off                ; Off                ;
; Allow Any ROM Size For Recognition                               ; Off                ; Off                ;
; Allow Any Shift Register Size For Recognition                    ; Off                ; Off                ;
; Use LogicLock Constraints during Resource Balancing              ; On                 ; On                 ;
; Ignore translate_off and synthesis_off directives                ; Off                ; Off                ;
; Timing-Driven Synthesis                                          ; On                 ; On                 ;
; Report Parameter Settings                                        ; On                 ; On                 ;
; Report Source Assignments                                        ; On                 ; On                 ;
; Report Connectivity Checks                                       ; On                 ; On                 ;
; Ignore Maximum Fan-Out Assignments                               ; Off                ; Off                ;
; Synchronization Register Chain Length                            ; 2                  ; 2                  ;
; Power Optimization During Synthesis                              ; Normal compilation ; Normal compilation ;
; HDL message level                                                ; Level2             ; Level2             ;
; Suppress Register Optimization Related Messages                  ; Off                ; Off                ;
; Number of Removed Registers Reported in Synthesis Report         ; 5000               ; 5000               ;
; Number of Swept Nodes Reported in Synthesis Report               ; 5000               ; 5000               ;
; Number of Inverted Registers Reported in Synthesis Report        ; 100                ; 100                ;
; Clock MUX Protection                                             ; On                 ; On                 ;
; Auto Gated Clock Conversion                                      ; Off                ; Off                ;
; Block Design Naming                                              ; Auto               ; Auto               ;
; SDC constraint protection                                        ; Off                ; Off                ;
; Synthesis Effort                                                 ; Auto               ; Auto               ;
; Shift Register Replacement - Allow Asynchronous Clear Signal     ; On                 ; On                 ;
; Pre-Mapping Resynthesis Optimization                             ; Off                ; Off                ;
; Analysis & Synthesis Message Level                               ; Medium             ; Medium             ;
; Disable Register Merging Across Hierarchies                      ; Auto               ; Auto               ;
; Resource Aware Inference For Block RAM                           ; On                 ; On                 ;
+------------------------------------------------------------------+--------------------+--------------------+


+------------------------------------------+
; Parallel Compilation                     ;
+----------------------------+-------------+
; Processors                 ; Number      ;
+----------------------------+-------------+
; Number detected on machine ; 12          ;
; Maximum allowed            ; 8           ;
;                            ;             ;
; Average used               ; 1.01        ;
; Maximum used               ; 8           ;
;                            ;             ;
; Usage by Processor         ; % Time Used ;
;     Processor 1            ; 100.0%      ;
;     Processor 2            ;   0.2%      ;
;     Processor 3            ;   0.2%      ;
;     Processor 4            ;   0.1%      ;
;     Processor 5            ;   0.1%      ;
;     Processor 6            ;   0.1%      ;
;     Processor 7            ;   0.1%      ;
;     Processor 8            ;   0.1%      ;
+----------------------------+-------------+


+------------------------------------------------------------------------------------------------------------------------------------------------------------------------------------------------------------------------------------------------------------+
; Analysis & Synthesis Source Files Read                                                                                                                                                                                                                     ;
+------------------------------------------------+-----------------+-------------------------------------------------------+-----------------------------------------------------------------------------------------------------------------------+---------+
; File Name with User-Entered Path               ; Used in Netlist ; File Type                                             ; File Name with Absolute Path                                                                                          ; Library ;
+------------------------------------------------+-----------------+-------------------------------------------------------+-----------------------------------------------------------------------------------------------------------------------+---------+
; code/components/hazard_unit.v                  ; yes             ; User Verilog HDL File                                 ; C:/Users/3pm20/Desktop/MyCode/eyantra_fpga/eb_2336_task3c/pl_riscv_cpu/code/components/hazard_unit.v                  ;         ;
; code/components/pl_reg_mw.v                    ; yes             ; User Verilog HDL File                                 ; C:/Users/3pm20/Desktop/MyCode/eyantra_fpga/eb_2336_task3c/pl_riscv_cpu/code/components/pl_reg_mw.v                    ;         ;
; code/components/pl_reg_em.v                    ; yes             ; User Verilog HDL File                                 ; C:/Users/3pm20/Desktop/MyCode/eyantra_fpga/eb_2336_task3c/pl_riscv_cpu/code/components/pl_reg_em.v                    ;         ;
; code/components/pl_reg_de.v                    ; yes             ; User Verilog HDL File                                 ; C:/Users/3pm20/Desktop/MyCode/eyantra_fpga/eb_2336_task3c/pl_riscv_cpu/code/components/pl_reg_de.v                    ;         ;
; code/pl_riscv_cpu.v                            ; yes             ; User Verilog HDL File                                 ; C:/Users/3pm20/Desktop/MyCode/eyantra_fpga/eb_2336_task3c/pl_riscv_cpu/code/pl_riscv_cpu.v                            ;         ;
; code/riscv_cpu.v                               ; yes             ; User Verilog HDL File                                 ; C:/Users/3pm20/Desktop/MyCode/eyantra_fpga/eb_2336_task3c/pl_riscv_cpu/code/riscv_cpu.v                               ;         ;
; code/instr_mem.v                               ; yes             ; User Verilog HDL File                                 ; C:/Users/3pm20/Desktop/MyCode/eyantra_fpga/eb_2336_task3c/pl_riscv_cpu/code/instr_mem.v                               ;         ;
; code/data_mem.v                                ; yes             ; User Verilog HDL File                                 ; C:/Users/3pm20/Desktop/MyCode/eyantra_fpga/eb_2336_task3c/pl_riscv_cpu/code/data_mem.v                                ;         ;
; code/components/pl_reg_fd.v                    ; yes             ; User Verilog HDL File                                 ; C:/Users/3pm20/Desktop/MyCode/eyantra_fpga/eb_2336_task3c/pl_riscv_cpu/code/components/pl_reg_fd.v                    ;         ;
; code/components/branching_unit.v               ; yes             ; User Verilog HDL File                                 ; C:/Users/3pm20/Desktop/MyCode/eyantra_fpga/eb_2336_task3c/pl_riscv_cpu/code/components/branching_unit.v               ;         ;
; code/components/reset_ff.v                     ; yes             ; User Verilog HDL File                                 ; C:/Users/3pm20/Desktop/MyCode/eyantra_fpga/eb_2336_task3c/pl_riscv_cpu/code/components/reset_ff.v                     ;         ;
; code/components/reg_file.v                     ; yes             ; User Verilog HDL File                                 ; C:/Users/3pm20/Desktop/MyCode/eyantra_fpga/eb_2336_task3c/pl_riscv_cpu/code/components/reg_file.v                     ;         ;
; code/components/mux4.v                         ; yes             ; User Verilog HDL File                                 ; C:/Users/3pm20/Desktop/MyCode/eyantra_fpga/eb_2336_task3c/pl_riscv_cpu/code/components/mux4.v                         ;         ;
; code/components/mux3.v                         ; yes             ; User Verilog HDL File                                 ; C:/Users/3pm20/Desktop/MyCode/eyantra_fpga/eb_2336_task3c/pl_riscv_cpu/code/components/mux3.v                         ;         ;
; code/components/mux2.v                         ; yes             ; User Verilog HDL File                                 ; C:/Users/3pm20/Desktop/MyCode/eyantra_fpga/eb_2336_task3c/pl_riscv_cpu/code/components/mux2.v                         ;         ;
; code/components/main_decoder.v                 ; yes             ; User Verilog HDL File                                 ; C:/Users/3pm20/Desktop/MyCode/eyantra_fpga/eb_2336_task3c/pl_riscv_cpu/code/components/main_decoder.v                 ;         ;
; code/components/imm_extend.v                   ; yes             ; User Verilog HDL File                                 ; C:/Users/3pm20/Desktop/MyCode/eyantra_fpga/eb_2336_task3c/pl_riscv_cpu/code/components/imm_extend.v                   ;         ;
; code/components/datapath.v                     ; yes             ; User Verilog HDL File                                 ; C:/Users/3pm20/Desktop/MyCode/eyantra_fpga/eb_2336_task3c/pl_riscv_cpu/code/components/datapath.v                     ;         ;
; code/components/controller.v                   ; yes             ; User Verilog HDL File                                 ; C:/Users/3pm20/Desktop/MyCode/eyantra_fpga/eb_2336_task3c/pl_riscv_cpu/code/components/controller.v                   ;         ;
; code/components/alu_decoder.v                  ; yes             ; User Verilog HDL File                                 ; C:/Users/3pm20/Desktop/MyCode/eyantra_fpga/eb_2336_task3c/pl_riscv_cpu/code/components/alu_decoder.v                  ;         ;
; code/components/alu.v                          ; yes             ; User Verilog HDL File                                 ; C:/Users/3pm20/Desktop/MyCode/eyantra_fpga/eb_2336_task3c/pl_riscv_cpu/code/components/alu.v                          ;         ;
; code/components/adder.v                        ; yes             ; User Verilog HDL File                                 ; C:/Users/3pm20/Desktop/MyCode/eyantra_fpga/eb_2336_task3c/pl_riscv_cpu/code/components/adder.v                        ;         ;
; code/rv32i_test.hex                            ; yes             ; Auto-Found Hexadecimal (Intel-Format) File            ; C:/Users/3pm20/Desktop/MyCode/eyantra_fpga/eb_2336_task3c/pl_riscv_cpu/code/rv32i_test.hex                            ;         ;
; altsyncram.tdf                                 ; yes             ; Megafunction                                          ; c:/intelfpga_lite/20.1/quartus/libraries/megafunctions/altsyncram.tdf                                                 ;         ;
; stratix_ram_block.inc                          ; yes             ; Megafunction                                          ; c:/intelfpga_lite/20.1/quartus/libraries/megafunctions/stratix_ram_block.inc                                          ;         ;
; lpm_mux.inc                                    ; yes             ; Megafunction                                          ; c:/intelfpga_lite/20.1/quartus/libraries/megafunctions/lpm_mux.inc                                                    ;         ;
; lpm_decode.inc                                 ; yes             ; Megafunction                                          ; c:/intelfpga_lite/20.1/quartus/libraries/megafunctions/lpm_decode.inc                                                 ;         ;
; aglobal201.inc                                 ; yes             ; Megafunction                                          ; c:/intelfpga_lite/20.1/quartus/libraries/megafunctions/aglobal201.inc                                                 ;         ;
; a_rdenreg.inc                                  ; yes             ; Megafunction                                          ; c:/intelfpga_lite/20.1/quartus/libraries/megafunctions/a_rdenreg.inc                                                  ;         ;
; altrom.inc                                     ; yes             ; Megafunction                                          ; c:/intelfpga_lite/20.1/quartus/libraries/megafunctions/altrom.inc                                                     ;         ;
; altram.inc                                     ; yes             ; Megafunction                                          ; c:/intelfpga_lite/20.1/quartus/libraries/megafunctions/altram.inc                                                     ;         ;
; altdpram.inc                                   ; yes             ; Megafunction                                          ; c:/intelfpga_lite/20.1/quartus/libraries/megafunctions/altdpram.inc                                                   ;         ;
; db/altsyncram_84i1.tdf                         ; yes             ; Auto-Generated Megafunction                           ; C:/Users/3pm20/Desktop/MyCode/eyantra_fpga/eb_2336_task3c/pl_riscv_cpu/db/altsyncram_84i1.tdf                         ;         ;
; db/pl_riscv_cpu.ram0_reg_file_c5668544.hdl.mif ; yes             ; Auto-Generated Auto-Found Memory Initialization File  ; C:/Users/3pm20/Desktop/MyCode/eyantra_fpga/eb_2336_task3c/pl_riscv_cpu/db/pl_riscv_cpu.ram0_reg_file_c5668544.hdl.mif ;         ;
; altshift_taps.tdf                              ; yes             ; Megafunction                                          ; c:/intelfpga_lite/20.1/quartus/libraries/megafunctions/altshift_taps.tdf                                              ;         ;
; lpm_counter.inc                                ; yes             ; Megafunction                                          ; c:/intelfpga_lite/20.1/quartus/libraries/megafunctions/lpm_counter.inc                                                ;         ;
; lpm_compare.inc                                ; yes             ; Megafunction                                          ; c:/intelfpga_lite/20.1/quartus/libraries/megafunctions/lpm_compare.inc                                                ;         ;
; lpm_constant.inc                               ; yes             ; Megafunction                                          ; c:/intelfpga_lite/20.1/quartus/libraries/megafunctions/lpm_constant.inc                                               ;         ;
; db/shift_taps_a6m.tdf                          ; yes             ; Auto-Generated Megafunction                           ; C:/Users/3pm20/Desktop/MyCode/eyantra_fpga/eb_2336_task3c/pl_riscv_cpu/db/shift_taps_a6m.tdf                          ;         ;
; db/altsyncram_vk31.tdf                         ; yes             ; Auto-Generated Megafunction                           ; C:/Users/3pm20/Desktop/MyCode/eyantra_fpga/eb_2336_task3c/pl_riscv_cpu/db/altsyncram_vk31.tdf                         ;         ;
; db/add_sub_24e.tdf                             ; yes             ; Auto-Generated Megafunction                           ; C:/Users/3pm20/Desktop/MyCode/eyantra_fpga/eb_2336_task3c/pl_riscv_cpu/db/add_sub_24e.tdf                             ;         ;
; db/cntr_6pf.tdf                                ; yes             ; Auto-Generated Megafunction                           ; C:/Users/3pm20/Desktop/MyCode/eyantra_fpga/eb_2336_task3c/pl_riscv_cpu/db/cntr_6pf.tdf                                ;         ;
; db/cmpr_ogc.tdf                                ; yes             ; Auto-Generated Megafunction                           ; C:/Users/3pm20/Desktop/MyCode/eyantra_fpga/eb_2336_task3c/pl_riscv_cpu/db/cmpr_ogc.tdf                                ;         ;
+------------------------------------------------+-----------------+-------------------------------------------------------+-----------------------------------------------------------------------------------------------------------------------+---------+


+---------------------------------------------------------+
; Analysis & Synthesis Resource Usage Summary             ;
+---------------------------------------------+-----------+
; Resource                                    ; Usage     ;
+---------------------------------------------+-----------+
; Estimated Total logic elements              ; 5,623     ;
;                                             ;           ;
; Total combinational functions               ; 3429      ;
; Logic element usage by number of LUT inputs ;           ;
;     -- 4 input functions                    ; 2651      ;
;     -- 3 input functions                    ; 630       ;
;     -- <=2 input functions                  ; 148       ;
;                                             ;           ;
; Logic elements by mode                      ;           ;
;     -- normal mode                          ; 3255      ;
;     -- arithmetic mode                      ; 174       ;
;                                             ;           ;
; Total registers                             ; 2590      ;
;     -- Dedicated logic registers            ; 2590      ;
;     -- I/O registers                        ; 0         ;
;                                             ;           ;
; I/O pins                                    ; 292       ;
; Total memory bits                           ; 2144      ;
;                                             ;           ;
; Embedded Multiplier 9-bit elements          ; 0         ;
;                                             ;           ;
; Maximum fan-out node                        ; clk~input ;
; Maximum fan-out                             ; 2686      ;
; Total fan-out                               ; 21798     ;
; Average fan-out                             ; 3.25      ;
+---------------------------------------------+-----------+


+-----------------------------------------------------------------------------------------------------------------------------------------------------------------------------------------------------------------------------------------------------------------------------------------------------------------------------------------------------------+
; Analysis & Synthesis Resource Utilization by Entity                                                                                                                                                                                                                                                                                                       ;
+-------------------------------------------------+---------------------+---------------------------+-------------+--------------+---------+-----------+------+--------------+---------------------------------------------------------------------------------------------------------------------------------------------+-----------------+--------------+
; Compilation Hierarchy Node                      ; Combinational ALUTs ; Dedicated Logic Registers ; Memory Bits ; DSP Elements ; DSP 9x9 ; DSP 18x18 ; Pins ; Virtual Pins ; Full Hierarchy Name                                                                                                                         ; Entity Name     ; Library Name ;
+-------------------------------------------------+---------------------+---------------------------+-------------+--------------+---------+-----------+------+--------------+---------------------------------------------------------------------------------------------------------------------------------------------+-----------------+--------------+
; |pl_riscv_cpu                                   ; 3429 (68)           ; 2590 (0)                  ; 2144        ; 0            ; 0       ; 0         ; 292  ; 0            ; |pl_riscv_cpu                                                                                                                               ; pl_riscv_cpu    ; work         ;
;    |data_mem:datamem|                           ; 1797 (1797)         ; 2048 (2048)               ; 0           ; 0            ; 0       ; 0         ; 0    ; 0            ; |pl_riscv_cpu|data_mem:datamem                                                                                                              ; data_mem        ; work         ;
;    |instr_mem:instrmem|                         ; 162 (162)           ; 0 (0)                     ; 0           ; 0            ; 0       ; 0         ; 0    ; 0            ; |pl_riscv_cpu|instr_mem:instrmem                                                                                                            ; instr_mem       ; work         ;
;    |riscv_cpu:rvcpu|                            ; 1402 (0)            ; 542 (0)                   ; 2144        ; 0            ; 0       ; 0         ; 0    ; 0            ; |pl_riscv_cpu|riscv_cpu:rvcpu                                                                                                               ; riscv_cpu       ; work         ;
;       |controller:c|                            ; 24 (0)              ; 0 (0)                     ; 0           ; 0            ; 0       ; 0         ; 0    ; 0            ; |pl_riscv_cpu|riscv_cpu:rvcpu|controller:c                                                                                                  ; controller      ; work         ;
;          |alu_decoder:ad|                       ; 6 (6)               ; 0 (0)                     ; 0           ; 0            ; 0       ; 0         ; 0    ; 0            ; |pl_riscv_cpu|riscv_cpu:rvcpu|controller:c|alu_decoder:ad                                                                                   ; alu_decoder     ; work         ;
;          |main_decoder:md|                      ; 18 (18)             ; 0 (0)                     ; 0           ; 0            ; 0       ; 0         ; 0    ; 0            ; |pl_riscv_cpu|riscv_cpu:rvcpu|controller:c|main_decoder:md                                                                                  ; main_decoder    ; work         ;
;       |datapath:dp|                             ; 1378 (4)            ; 542 (0)                   ; 2144        ; 0            ; 0       ; 0         ; 0    ; 0            ; |pl_riscv_cpu|riscv_cpu:rvcpu|datapath:dp                                                                                                   ; datapath        ; work         ;
;          |adder:auipcadder|                     ; 20 (20)             ; 0 (0)                     ; 0           ; 0            ; 0       ; 0         ; 0    ; 0            ; |pl_riscv_cpu|riscv_cpu:rvcpu|datapath:dp|adder:auipcadder                                                                                  ; adder           ; work         ;
;          |adder:pcadd4|                         ; 30 (30)             ; 0 (0)                     ; 0           ; 0            ; 0       ; 0         ; 0    ; 0            ; |pl_riscv_cpu|riscv_cpu:rvcpu|datapath:dp|adder:pcadd4                                                                                      ; adder           ; work         ;
;          |adder:pcaddbranch|                    ; 32 (32)             ; 0 (0)                     ; 0           ; 0            ; 0       ; 0         ; 0    ; 0            ; |pl_riscv_cpu|riscv_cpu:rvcpu|datapath:dp|adder:pcaddbranch                                                                                 ; adder           ; work         ;
;          |alu:alu|                              ; 696 (696)           ; 0 (0)                     ; 0           ; 0            ; 0       ; 0         ; 0    ; 0            ; |pl_riscv_cpu|riscv_cpu:rvcpu|datapath:dp|alu:alu                                                                                           ; alu             ; work         ;
;          |branching_unit:bu|                    ; 1 (1)               ; 0 (0)                     ; 0           ; 0            ; 0       ; 0         ; 0    ; 0            ; |pl_riscv_cpu|riscv_cpu:rvcpu|datapath:dp|branching_unit:bu                                                                                 ; branching_unit  ; work         ;
;          |hazard_unit:hu|                       ; 29 (29)             ; 0 (0)                     ; 0           ; 0            ; 0       ; 0         ; 0    ; 0            ; |pl_riscv_cpu|riscv_cpu:rvcpu|datapath:dp|hazard_unit:hu                                                                                    ; hazard_unit     ; work         ;
;          |imm_extend:ext|                       ; 3 (3)               ; 0 (0)                     ; 0           ; 0            ; 0       ; 0         ; 0    ; 0            ; |pl_riscv_cpu|riscv_cpu:rvcpu|datapath:dp|imm_extend:ext                                                                                    ; imm_extend      ; work         ;
;          |mux2:srcbmux|                         ; 35 (35)             ; 0 (0)                     ; 0           ; 0            ; 0       ; 0         ; 0    ; 0            ; |pl_riscv_cpu|riscv_cpu:rvcpu|datapath:dp|mux2:srcbmux                                                                                      ; mux2            ; work         ;
;          |mux3:srcA_rd1eMux|                    ; 70 (70)             ; 0 (0)                     ; 0           ; 0            ; 0       ; 0         ; 0    ; 0            ; |pl_riscv_cpu|riscv_cpu:rvcpu|datapath:dp|mux3:srcA_rd1eMux                                                                                 ; mux3            ; work         ;
;          |mux3:wrDE_rd2eMux|                    ; 67 (67)             ; 0 (0)                     ; 0           ; 0            ; 0       ; 0         ; 0    ; 0            ; |pl_riscv_cpu|riscv_cpu:rvcpu|datapath:dp|mux3:wrDE_rd2eMux                                                                                 ; mux3            ; work         ;
;          |mux4:resultmux|                       ; 87 (87)             ; 0 (0)                     ; 0           ; 0            ; 0       ; 0         ; 0    ; 0            ; |pl_riscv_cpu|riscv_cpu:rvcpu|datapath:dp|mux4:resultmux                                                                                    ; mux4            ; work         ;
;          |pl_reg_de:plde|                       ; 173 (166)           ; 147 (143)                 ; 96          ; 0            ; 0       ; 0         ; 0    ; 0            ; |pl_riscv_cpu|riscv_cpu:rvcpu|datapath:dp|pl_reg_de:plde                                                                                    ; pl_reg_de       ; work         ;
;             |altshift_taps:auiE_rtl_0|          ; 7 (0)               ; 4 (0)                     ; 96          ; 0            ; 0       ; 0         ; 0    ; 0            ; |pl_riscv_cpu|riscv_cpu:rvcpu|datapath:dp|pl_reg_de:plde|altshift_taps:auiE_rtl_0                                                           ; altshift_taps   ; work         ;
;                |shift_taps_a6m:auto_generated|  ; 7 (2)               ; 4 (2)                     ; 96          ; 0            ; 0       ; 0         ; 0    ; 0            ; |pl_riscv_cpu|riscv_cpu:rvcpu|datapath:dp|pl_reg_de:plde|altshift_taps:auiE_rtl_0|shift_taps_a6m:auto_generated                             ; shift_taps_a6m  ; work         ;
;                   |altsyncram_vk31:altsyncram4| ; 0 (0)               ; 0 (0)                     ; 96          ; 0            ; 0       ; 0         ; 0    ; 0            ; |pl_riscv_cpu|riscv_cpu:rvcpu|datapath:dp|pl_reg_de:plde|altshift_taps:auiE_rtl_0|shift_taps_a6m:auto_generated|altsyncram_vk31:altsyncram4 ; altsyncram_vk31 ; work         ;
;                   |cntr_6pf:cntr1|              ; 5 (5)               ; 2 (2)                     ; 0           ; 0            ; 0       ; 0         ; 0    ; 0            ; |pl_riscv_cpu|riscv_cpu:rvcpu|datapath:dp|pl_reg_de:plde|altshift_taps:auiE_rtl_0|shift_taps_a6m:auto_generated|cntr_6pf:cntr1              ; cntr_6pf        ; work         ;
;          |pl_reg_em:plem|                       ; 0 (0)               ; 121 (121)                 ; 0           ; 0            ; 0       ; 0         ; 0    ; 0            ; |pl_riscv_cpu|riscv_cpu:rvcpu|datapath:dp|pl_reg_em:plem                                                                                    ; pl_reg_em       ; work         ;
;          |pl_reg_fd:plfd|                       ; 97 (97)             ; 90 (90)                   ; 0           ; 0            ; 0       ; 0         ; 0    ; 0            ; |pl_riscv_cpu|riscv_cpu:rvcpu|datapath:dp|pl_reg_fd:plfd                                                                                    ; pl_reg_fd       ; work         ;
;          |pl_reg_mw:plmw|                       ; 0 (0)               ; 152 (152)                 ; 0           ; 0            ; 0       ; 0         ; 0    ; 0            ; |pl_riscv_cpu|riscv_cpu:rvcpu|datapath:dp|pl_reg_mw:plmw                                                                                    ; pl_reg_mw       ; work         ;
;          |reg_file:rf|                          ; 0 (0)               ; 0 (0)                     ; 2048        ; 0            ; 0       ; 0         ; 0    ; 0            ; |pl_riscv_cpu|riscv_cpu:rvcpu|datapath:dp|reg_file:rf                                                                                       ; reg_file        ; work         ;
;             |altsyncram:reg_file_arr_rtl_0|     ; 0 (0)               ; 0 (0)                     ; 1024        ; 0            ; 0       ; 0         ; 0    ; 0            ; |pl_riscv_cpu|riscv_cpu:rvcpu|datapath:dp|reg_file:rf|altsyncram:reg_file_arr_rtl_0                                                         ; altsyncram      ; work         ;
;                |altsyncram_84i1:auto_generated| ; 0 (0)               ; 0 (0)                     ; 1024        ; 0            ; 0       ; 0         ; 0    ; 0            ; |pl_riscv_cpu|riscv_cpu:rvcpu|datapath:dp|reg_file:rf|altsyncram:reg_file_arr_rtl_0|altsyncram_84i1:auto_generated                          ; altsyncram_84i1 ; work         ;
;             |altsyncram:reg_file_arr_rtl_1|     ; 0 (0)               ; 0 (0)                     ; 1024        ; 0            ; 0       ; 0         ; 0    ; 0            ; |pl_riscv_cpu|riscv_cpu:rvcpu|datapath:dp|reg_file:rf|altsyncram:reg_file_arr_rtl_1                                                         ; altsyncram      ; work         ;
;                |altsyncram_84i1:auto_generated| ; 0 (0)               ; 0 (0)                     ; 1024        ; 0            ; 0       ; 0         ; 0    ; 0            ; |pl_riscv_cpu|riscv_cpu:rvcpu|datapath:dp|reg_file:rf|altsyncram:reg_file_arr_rtl_1|altsyncram_84i1:auto_generated                          ; altsyncram_84i1 ; work         ;
;          |reset_ff:pcreg|                       ; 34 (34)             ; 32 (32)                   ; 0           ; 0            ; 0       ; 0         ; 0    ; 0            ; |pl_riscv_cpu|riscv_cpu:rvcpu|datapath:dp|reset_ff:pcreg                                                                                    ; reset_ff        ; work         ;
+-------------------------------------------------+---------------------+---------------------------+-------------+--------------+---------+-----------+------+--------------+---------------------------------------------------------------------------------------------------------------------------------------------+-----------------+--------------+
Note: For table entries with two numbers listed, the numbers in parentheses indicate the number of resources of the given type used by the specific entity alone. The numbers listed outside of parentheses indicate the total resources of the given type used by the specific entity and all of its sub-entities in the hierarchy.


+----------------------------------------------------------------------------------------------------------------------------------------------------------------------------------------------------------------------------------------------------------------------------------------+
; Analysis & Synthesis RAM Summary                                                                                                                                                                                                                                                       ;
+------------------------------------------------------------------------------------------------------------------------------------------+------+------------------+--------------+--------------+--------------+--------------+------+------------------------------------------------+
; Name                                                                                                                                     ; Type ; Mode             ; Port A Depth ; Port A Width ; Port B Depth ; Port B Width ; Size ; MIF                                            ;
+------------------------------------------------------------------------------------------------------------------------------------------+------+------------------+--------------+--------------+--------------+--------------+------+------------------------------------------------+
; riscv_cpu:rvcpu|datapath:dp|pl_reg_de:plde|altshift_taps:auiE_rtl_0|shift_taps_a6m:auto_generated|altsyncram_vk31:altsyncram4|ALTSYNCRAM ; AUTO ; Simple Dual Port ; 3            ; 32           ; 3            ; 32           ; 96   ; None                                           ;
; riscv_cpu:rvcpu|datapath:dp|reg_file:rf|altsyncram:reg_file_arr_rtl_0|altsyncram_84i1:auto_generated|ALTSYNCRAM                          ; AUTO ; Simple Dual Port ; 32           ; 32           ; 32           ; 32           ; 1024 ; db/pl_riscv_cpu.ram0_reg_file_c5668544.hdl.mif ;
; riscv_cpu:rvcpu|datapath:dp|reg_file:rf|altsyncram:reg_file_arr_rtl_1|altsyncram_84i1:auto_generated|ALTSYNCRAM                          ; AUTO ; Simple Dual Port ; 32           ; 32           ; 32           ; 32           ; 1024 ; db/pl_riscv_cpu.ram0_reg_file_c5668544.hdl.mif ;
+------------------------------------------------------------------------------------------------------------------------------------------+------+------------------+--------------+--------------+--------------+--------------+------+------------------------------------------------+


+------------------------------------------------------------------------------------------------------+
; User-Specified and Inferred Latches                                                                  ;
+-----------------------------------------------------+-----------------------+------------------------+
; Latch Name                                          ; Latch Enable Signal   ; Free of Timing Hazards ;
+-----------------------------------------------------+-----------------------+------------------------+
; data_mem:datamem|rd_data_mem[0]                     ; data_mem:datamem|Mux0 ; yes                    ;
; data_mem:datamem|rd_data_mem[1]                     ; data_mem:datamem|Mux0 ; yes                    ;
; data_mem:datamem|rd_data_mem[2]                     ; data_mem:datamem|Mux0 ; yes                    ;
; data_mem:datamem|rd_data_mem[3]                     ; data_mem:datamem|Mux0 ; yes                    ;
; data_mem:datamem|rd_data_mem[4]                     ; data_mem:datamem|Mux0 ; yes                    ;
; data_mem:datamem|rd_data_mem[5]                     ; data_mem:datamem|Mux0 ; yes                    ;
; data_mem:datamem|rd_data_mem[6]                     ; data_mem:datamem|Mux0 ; yes                    ;
; data_mem:datamem|rd_data_mem[7]                     ; data_mem:datamem|Mux0 ; yes                    ;
; data_mem:datamem|rd_data_mem[8]                     ; data_mem:datamem|Mux0 ; yes                    ;
; data_mem:datamem|rd_data_mem[9]                     ; data_mem:datamem|Mux0 ; yes                    ;
; data_mem:datamem|rd_data_mem[10]                    ; data_mem:datamem|Mux0 ; yes                    ;
; data_mem:datamem|rd_data_mem[11]                    ; data_mem:datamem|Mux0 ; yes                    ;
; data_mem:datamem|rd_data_mem[12]                    ; data_mem:datamem|Mux0 ; yes                    ;
; data_mem:datamem|rd_data_mem[13]                    ; data_mem:datamem|Mux0 ; yes                    ;
; data_mem:datamem|rd_data_mem[14]                    ; data_mem:datamem|Mux0 ; yes                    ;
; data_mem:datamem|rd_data_mem[15]                    ; data_mem:datamem|Mux0 ; yes                    ;
; data_mem:datamem|rd_data_mem[16]                    ; data_mem:datamem|Mux0 ; yes                    ;
; data_mem:datamem|rd_data_mem[17]                    ; data_mem:datamem|Mux0 ; yes                    ;
; data_mem:datamem|rd_data_mem[18]                    ; data_mem:datamem|Mux0 ; yes                    ;
; data_mem:datamem|rd_data_mem[19]                    ; data_mem:datamem|Mux0 ; yes                    ;
; data_mem:datamem|rd_data_mem[20]                    ; data_mem:datamem|Mux0 ; yes                    ;
; data_mem:datamem|rd_data_mem[21]                    ; data_mem:datamem|Mux0 ; yes                    ;
; data_mem:datamem|rd_data_mem[22]                    ; data_mem:datamem|Mux0 ; yes                    ;
; data_mem:datamem|rd_data_mem[23]                    ; data_mem:datamem|Mux0 ; yes                    ;
; data_mem:datamem|rd_data_mem[24]                    ; data_mem:datamem|Mux0 ; yes                    ;
; data_mem:datamem|rd_data_mem[25]                    ; data_mem:datamem|Mux0 ; yes                    ;
; data_mem:datamem|rd_data_mem[26]                    ; data_mem:datamem|Mux0 ; yes                    ;
; data_mem:datamem|rd_data_mem[27]                    ; data_mem:datamem|Mux0 ; yes                    ;
; data_mem:datamem|rd_data_mem[28]                    ; data_mem:datamem|Mux0 ; yes                    ;
; data_mem:datamem|rd_data_mem[29]                    ; data_mem:datamem|Mux0 ; yes                    ;
; data_mem:datamem|rd_data_mem[30]                    ; data_mem:datamem|Mux0 ; yes                    ;
; data_mem:datamem|rd_data_mem[31]                    ; data_mem:datamem|Mux0 ; yes                    ;
; Number of user-specified and inferred latches = 32  ;                       ;                        ;
+-----------------------------------------------------+-----------------------+------------------------+
Note: All latches listed above may not be present at the end of synthesis due to various synthesis optimizations.


+-------------------------------------------------------------------------------------------------------------------------------------+
; Registers Removed During Synthesis                                                                                                  ;
+---------------------------------------------------------------+---------------------------------------------------------------------+
; Register name                                                 ; Reason for Removal                                                  ;
+---------------------------------------------------------------+---------------------------------------------------------------------+
; riscv_cpu:rvcpu|datapath:dp|pl_reg_fd:plfd|PCD[0]             ; Merged with riscv_cpu:rvcpu|datapath:dp|pl_reg_fd:plfd|PCPlus4D[0]  ;
; riscv_cpu:rvcpu|datapath:dp|pl_reg_fd:plfd|PCD[1]             ; Merged with riscv_cpu:rvcpu|datapath:dp|pl_reg_fd:plfd|PCPlus4D[1]  ;
; riscv_cpu:rvcpu|datapath:dp|pl_reg_mw:plmw|PCW[0]             ; Merged with riscv_cpu:rvcpu|datapath:dp|pl_reg_mw:plmw|PCPlus4W[0]  ;
; riscv_cpu:rvcpu|datapath:dp|pl_reg_mw:plmw|PCW[1]             ; Merged with riscv_cpu:rvcpu|datapath:dp|pl_reg_mw:plmw|PCPlus4W[1]  ;
; riscv_cpu:rvcpu|datapath:dp|pl_reg_de:plde|lui_auiE[12]       ; Merged with riscv_cpu:rvcpu|datapath:dp|pl_reg_de:plde|Rs2E[4]      ;
; riscv_cpu:rvcpu|datapath:dp|pl_reg_de:plde|lui_auiE[11]       ; Merged with riscv_cpu:rvcpu|datapath:dp|pl_reg_de:plde|Rs2E[3]      ;
; riscv_cpu:rvcpu|datapath:dp|pl_reg_de:plde|lui_auiE[10]       ; Merged with riscv_cpu:rvcpu|datapath:dp|pl_reg_de:plde|Rs2E[2]      ;
; riscv_cpu:rvcpu|datapath:dp|pl_reg_de:plde|lui_auiE[9]        ; Merged with riscv_cpu:rvcpu|datapath:dp|pl_reg_de:plde|Rs2E[1]      ;
; riscv_cpu:rvcpu|datapath:dp|pl_reg_de:plde|lui_auiE[8]        ; Merged with riscv_cpu:rvcpu|datapath:dp|pl_reg_de:plde|Rs2E[0]      ;
; riscv_cpu:rvcpu|datapath:dp|pl_reg_de:plde|ImmExtE[21..31]    ; Merged with riscv_cpu:rvcpu|datapath:dp|pl_reg_de:plde|ImmExtE[20]  ;
; riscv_cpu:rvcpu|datapath:dp|pl_reg_de:plde|lui_auiE[19]       ; Merged with riscv_cpu:rvcpu|datapath:dp|pl_reg_de:plde|ImmExtE[20]  ;
; riscv_cpu:rvcpu|datapath:dp|pl_reg_de:plde|lui_auiE[18]       ; Merged with riscv_cpu:rvcpu|datapath:dp|pl_reg_de:plde|ImmExtE[10]  ;
; riscv_cpu:rvcpu|datapath:dp|pl_reg_de:plde|lui_auiE[17]       ; Merged with riscv_cpu:rvcpu|datapath:dp|pl_reg_de:plde|ImmExtE[9]   ;
; riscv_cpu:rvcpu|datapath:dp|pl_reg_de:plde|lui_auiE[16]       ; Merged with riscv_cpu:rvcpu|datapath:dp|pl_reg_de:plde|ImmExtE[8]   ;
; riscv_cpu:rvcpu|datapath:dp|pl_reg_de:plde|lui_auiE[15]       ; Merged with riscv_cpu:rvcpu|datapath:dp|pl_reg_de:plde|ImmExtE[7]   ;
; riscv_cpu:rvcpu|datapath:dp|pl_reg_de:plde|lui_auiE[14]       ; Merged with riscv_cpu:rvcpu|datapath:dp|pl_reg_de:plde|ImmExtE[6]   ;
; riscv_cpu:rvcpu|datapath:dp|pl_reg_de:plde|lui_auiE[13]       ; Merged with riscv_cpu:rvcpu|datapath:dp|pl_reg_de:plde|ImmExtE[5]   ;
; riscv_cpu:rvcpu|datapath:dp|pl_reg_de:plde|lui_auiE[7]        ; Merged with riscv_cpu:rvcpu|datapath:dp|pl_reg_de:plde|Rs1E[4]      ;
; riscv_cpu:rvcpu|datapath:dp|pl_reg_de:plde|lui_auiE[6]        ; Merged with riscv_cpu:rvcpu|datapath:dp|pl_reg_de:plde|Rs1E[3]      ;
; riscv_cpu:rvcpu|datapath:dp|pl_reg_de:plde|lui_auiE[5]        ; Merged with riscv_cpu:rvcpu|datapath:dp|pl_reg_de:plde|Rs1E[2]      ;
; riscv_cpu:rvcpu|datapath:dp|pl_reg_de:plde|lui_auiE[4]        ; Merged with riscv_cpu:rvcpu|datapath:dp|pl_reg_de:plde|Rs1E[1]      ;
; riscv_cpu:rvcpu|datapath:dp|pl_reg_de:plde|lui_auiE[3]        ; Merged with riscv_cpu:rvcpu|datapath:dp|pl_reg_de:plde|Rs1E[0]      ;
; riscv_cpu:rvcpu|datapath:dp|pl_reg_em:plem|lui_auiM[2]        ; Merged with riscv_cpu:rvcpu|datapath:dp|pl_reg_em:plem|funct3M[2]   ;
; riscv_cpu:rvcpu|datapath:dp|pl_reg_em:plem|lui_auiM[1]        ; Merged with riscv_cpu:rvcpu|datapath:dp|pl_reg_em:plem|funct3M[1]   ;
; riscv_cpu:rvcpu|datapath:dp|pl_reg_em:plem|lui_auiM[0]        ; Merged with riscv_cpu:rvcpu|datapath:dp|pl_reg_em:plem|funct3M[0]   ;
; riscv_cpu:rvcpu|datapath:dp|pl_reg_em:plem|PCPlus4M[0]        ; Merged with riscv_cpu:rvcpu|datapath:dp|pl_reg_em:plem|PCM[0]       ;
; riscv_cpu:rvcpu|datapath:dp|pl_reg_em:plem|PCPlus4M[1]        ; Merged with riscv_cpu:rvcpu|datapath:dp|pl_reg_em:plem|PCM[1]       ;
; riscv_cpu:rvcpu|datapath:dp|pl_reg_de:plde|lui_auiE[2]        ; Merged with riscv_cpu:rvcpu|datapath:dp|pl_reg_de:plde|funct3E[2]   ;
; riscv_cpu:rvcpu|datapath:dp|pl_reg_de:plde|lui_auiE[1]        ; Merged with riscv_cpu:rvcpu|datapath:dp|pl_reg_de:plde|funct3E[1]   ;
; riscv_cpu:rvcpu|datapath:dp|pl_reg_de:plde|lui_auiE[0]        ; Merged with riscv_cpu:rvcpu|datapath:dp|pl_reg_de:plde|funct3E[0]   ;
; riscv_cpu:rvcpu|datapath:dp|pl_reg_de:plde|PCPlus4E[0]        ; Merged with riscv_cpu:rvcpu|datapath:dp|pl_reg_de:plde|PCE[0]       ;
; riscv_cpu:rvcpu|datapath:dp|pl_reg_de:plde|PCPlus4E[1]        ; Merged with riscv_cpu:rvcpu|datapath:dp|pl_reg_de:plde|PCE[1]       ;
; riscv_cpu:rvcpu|datapath:dp|pl_reg_fd:plfd|InstrD[1]          ; Merged with riscv_cpu:rvcpu|datapath:dp|pl_reg_fd:plfd|InstrD[0]    ;
; riscv_cpu:rvcpu|datapath:dp|pl_reg_fd:plfd|InstrD[26,27,29]   ; Merged with riscv_cpu:rvcpu|datapath:dp|pl_reg_fd:plfd|InstrD[31]   ;
; riscv_cpu:rvcpu|datapath:dp|pl_reg_de:plde|ImmExtE[6,7,9]     ; Merged with riscv_cpu:rvcpu|datapath:dp|pl_reg_de:plde|ImmExtE[20]  ;
; riscv_cpu:rvcpu|datapath:dp|pl_reg_em:plem|lui_auiM[14,15,17] ; Merged with riscv_cpu:rvcpu|datapath:dp|pl_reg_em:plem|lui_auiM[19] ;
; riscv_cpu:rvcpu|datapath:dp|pl_reg_mw:plmw|lui_auiW[14,15,17] ; Merged with riscv_cpu:rvcpu|datapath:dp|pl_reg_mw:plmw|lui_auiW[19] ;
; Total Number of Removed Registers = 55                        ;                                                                     ;
+---------------------------------------------------------------+---------------------------------------------------------------------+


+------------------------------------------------------+
; General Register Statistics                          ;
+----------------------------------------------+-------+
; Statistic                                    ; Value ;
+----------------------------------------------+-------+
; Total registers                              ; 2590  ;
; Number of registers using Synchronous Clear  ; 72    ;
; Number of registers using Synchronous Load   ; 30    ;
; Number of registers using Asynchronous Clear ; 0     ;
; Number of registers using Asynchronous Load  ; 0     ;
; Number of registers using Clock Enable       ; 2160  ;
; Number of registers using Preset             ; 0     ;
+----------------------------------------------+-------+


+---------------------------------------------------------------------------------------------------------------------------------+
; Registers Packed Into Inferred Megafunctions                                                                                    ;
+------------------------------------------------------------+-------------------------------------------------------+------------+
; Register Name                                              ; Megafunction                                          ; Type       ;
+------------------------------------------------------------+-------------------------------------------------------+------------+
; riscv_cpu:rvcpu|datapath:dp|pl_reg_mw:plmw|auiW            ; riscv_cpu:rvcpu|datapath:dp|pl_reg_de:plde|auiE_rtl_0 ; SHIFT_TAPS ;
; riscv_cpu:rvcpu|datapath:dp|pl_reg_em:plem|auiM            ; riscv_cpu:rvcpu|datapath:dp|pl_reg_de:plde|auiE_rtl_0 ; SHIFT_TAPS ;
; riscv_cpu:rvcpu|datapath:dp|pl_reg_de:plde|auiE            ; riscv_cpu:rvcpu|datapath:dp|pl_reg_de:plde|auiE_rtl_0 ; SHIFT_TAPS ;
; riscv_cpu:rvcpu|datapath:dp|pl_reg_mw:plmw|ResultSrcW[1]   ; riscv_cpu:rvcpu|datapath:dp|pl_reg_de:plde|auiE_rtl_0 ; SHIFT_TAPS ;
; riscv_cpu:rvcpu|datapath:dp|pl_reg_em:plem|ResultSrcM[1]   ; riscv_cpu:rvcpu|datapath:dp|pl_reg_de:plde|auiE_rtl_0 ; SHIFT_TAPS ;
; riscv_cpu:rvcpu|datapath:dp|pl_reg_de:plde|ResultSrcE[1]   ; riscv_cpu:rvcpu|datapath:dp|pl_reg_de:plde|auiE_rtl_0 ; SHIFT_TAPS ;
; riscv_cpu:rvcpu|datapath:dp|pl_reg_mw:plmw|PCPlus4W[2..31] ; riscv_cpu:rvcpu|datapath:dp|pl_reg_de:plde|auiE_rtl_0 ; SHIFT_TAPS ;
; riscv_cpu:rvcpu|datapath:dp|pl_reg_em:plem|PCPlus4M[2..31] ; riscv_cpu:rvcpu|datapath:dp|pl_reg_de:plde|auiE_rtl_0 ; SHIFT_TAPS ;
; riscv_cpu:rvcpu|datapath:dp|pl_reg_de:plde|PCPlus4E[2..31] ; riscv_cpu:rvcpu|datapath:dp|pl_reg_de:plde|auiE_rtl_0 ; SHIFT_TAPS ;
+------------------------------------------------------------+-------------------------------------------------------+------------+


+-------------------------------------------------------------------------------------------------------------------------------------------------------------------------------------+
; Multiplexer Restructuring Statistics (Restructuring Performed)                                                                                                                      ;
+--------------------+-----------+---------------+----------------------+------------------------+------------+-----------------------------------------------------------------------+
; Multiplexer Inputs ; Bus Width ; Baseline Area ; Area if Restructured ; Saving if Restructured ; Registered ; Example Multiplexer Output                                            ;
+--------------------+-----------+---------------+----------------------+------------------------+------------+-----------------------------------------------------------------------+
; 3:1                ; 4 bits    ; 8 LEs         ; 8 LEs                ; 0 LEs                  ; Yes        ; |pl_riscv_cpu|riscv_cpu:rvcpu|datapath:dp|pl_reg_de:plde|ImmExtE[1]   ;
; 3:1                ; 8 bits    ; 16 LEs        ; 16 LEs               ; 0 LEs                  ; Yes        ; |pl_riscv_cpu|riscv_cpu:rvcpu|datapath:dp|pl_reg_de:plde|ImmExtE[12]  ;
; 3:1                ; 84 bits   ; 168 LEs       ; 84 LEs               ; 84 LEs                 ; Yes        ; |pl_riscv_cpu|riscv_cpu:rvcpu|datapath:dp|pl_reg_fd:plfd|PCD[14]      ;
; 3:1                ; 32 bits   ; 64 LEs        ; 32 LEs               ; 32 LEs                 ; Yes        ; |pl_riscv_cpu|riscv_cpu:rvcpu|datapath:dp|pl_reg_de:plde|rd_data2E[2] ;
; 3:1                ; 32 bits   ; 64 LEs        ; 32 LEs               ; 32 LEs                 ; Yes        ; |pl_riscv_cpu|riscv_cpu:rvcpu|datapath:dp|pl_reg_de:plde|rd_data1E[9] ;
; 5:1                ; 2 bits    ; 6 LEs         ; 4 LEs                ; 2 LEs                  ; Yes        ; |pl_riscv_cpu|riscv_cpu:rvcpu|datapath:dp|reset_ff:pcreg|q[1]         ;
; 5:1                ; 30 bits   ; 90 LEs        ; 60 LEs               ; 30 LEs                 ; Yes        ; |pl_riscv_cpu|riscv_cpu:rvcpu|datapath:dp|reset_ff:pcreg|q[12]        ;
; 8:1                ; 8 bits    ; 40 LEs        ; 0 LEs                ; 40 LEs                 ; Yes        ; |pl_riscv_cpu|data_mem:datamem|data_ram[63][2]                        ;
; 8:1                ; 8 bits    ; 40 LEs        ; 0 LEs                ; 40 LEs                 ; Yes        ; |pl_riscv_cpu|data_mem:datamem|data_ram[62][5]                        ;
; 8:1                ; 8 bits    ; 40 LEs        ; 0 LEs                ; 40 LEs                 ; Yes        ; |pl_riscv_cpu|data_mem:datamem|data_ram[61][7]                        ;
; 8:1                ; 8 bits    ; 40 LEs        ; 0 LEs                ; 40 LEs                 ; Yes        ; |pl_riscv_cpu|data_mem:datamem|data_ram[60][5]                        ;
; 8:1                ; 8 bits    ; 40 LEs        ; 0 LEs                ; 40 LEs                 ; Yes        ; |pl_riscv_cpu|data_mem:datamem|data_ram[59][4]                        ;
; 8:1                ; 8 bits    ; 40 LEs        ; 0 LEs                ; 40 LEs                 ; Yes        ; |pl_riscv_cpu|data_mem:datamem|data_ram[58][2]                        ;
; 8:1                ; 8 bits    ; 40 LEs        ; 0 LEs                ; 40 LEs                 ; Yes        ; |pl_riscv_cpu|data_mem:datamem|data_ram[57][6]                        ;
; 8:1                ; 8 bits    ; 40 LEs        ; 0 LEs                ; 40 LEs                 ; Yes        ; |pl_riscv_cpu|data_mem:datamem|data_ram[56][4]                        ;
; 8:1                ; 8 bits    ; 40 LEs        ; 0 LEs                ; 40 LEs                 ; Yes        ; |pl_riscv_cpu|data_mem:datamem|data_ram[55][0]                        ;
; 8:1                ; 8 bits    ; 40 LEs        ; 0 LEs                ; 40 LEs                 ; Yes        ; |pl_riscv_cpu|data_mem:datamem|data_ram[54][5]                        ;
; 8:1                ; 8 bits    ; 40 LEs        ; 0 LEs                ; 40 LEs                 ; Yes        ; |pl_riscv_cpu|data_mem:datamem|data_ram[53][5]                        ;
; 8:1                ; 8 bits    ; 40 LEs        ; 0 LEs                ; 40 LEs                 ; Yes        ; |pl_riscv_cpu|data_mem:datamem|data_ram[52][6]                        ;
; 8:1                ; 8 bits    ; 40 LEs        ; 0 LEs                ; 40 LEs                 ; Yes        ; |pl_riscv_cpu|data_mem:datamem|data_ram[51][6]                        ;
; 8:1                ; 8 bits    ; 40 LEs        ; 0 LEs                ; 40 LEs                 ; Yes        ; |pl_riscv_cpu|data_mem:datamem|data_ram[50][0]                        ;
; 8:1                ; 8 bits    ; 40 LEs        ; 0 LEs                ; 40 LEs                 ; Yes        ; |pl_riscv_cpu|data_mem:datamem|data_ram[49][0]                        ;
; 8:1                ; 8 bits    ; 40 LEs        ; 0 LEs                ; 40 LEs                 ; Yes        ; |pl_riscv_cpu|data_mem:datamem|data_ram[48][4]                        ;
; 8:1                ; 8 bits    ; 40 LEs        ; 0 LEs                ; 40 LEs                 ; Yes        ; |pl_riscv_cpu|data_mem:datamem|data_ram[47][2]                        ;
; 8:1                ; 8 bits    ; 40 LEs        ; 0 LEs                ; 40 LEs                 ; Yes        ; |pl_riscv_cpu|data_mem:datamem|data_ram[46][4]                        ;
; 8:1                ; 8 bits    ; 40 LEs        ; 0 LEs                ; 40 LEs                 ; Yes        ; |pl_riscv_cpu|data_mem:datamem|data_ram[45][7]                        ;
; 8:1                ; 8 bits    ; 40 LEs        ; 0 LEs                ; 40 LEs                 ; Yes        ; |pl_riscv_cpu|data_mem:datamem|data_ram[44][4]                        ;
; 8:1                ; 8 bits    ; 40 LEs        ; 0 LEs                ; 40 LEs                 ; Yes        ; |pl_riscv_cpu|data_mem:datamem|data_ram[43][4]                        ;
; 8:1                ; 8 bits    ; 40 LEs        ; 0 LEs                ; 40 LEs                 ; Yes        ; |pl_riscv_cpu|data_mem:datamem|data_ram[42][5]                        ;
; 8:1                ; 8 bits    ; 40 LEs        ; 0 LEs                ; 40 LEs                 ; Yes        ; |pl_riscv_cpu|data_mem:datamem|data_ram[41][6]                        ;
; 8:1                ; 8 bits    ; 40 LEs        ; 0 LEs                ; 40 LEs                 ; Yes        ; |pl_riscv_cpu|data_mem:datamem|data_ram[40][6]                        ;
; 8:1                ; 8 bits    ; 40 LEs        ; 0 LEs                ; 40 LEs                 ; Yes        ; |pl_riscv_cpu|data_mem:datamem|data_ram[39][6]                        ;
; 8:1                ; 8 bits    ; 40 LEs        ; 0 LEs                ; 40 LEs                 ; Yes        ; |pl_riscv_cpu|data_mem:datamem|data_ram[38][3]                        ;
; 8:1                ; 8 bits    ; 40 LEs        ; 0 LEs                ; 40 LEs                 ; Yes        ; |pl_riscv_cpu|data_mem:datamem|data_ram[37][5]                        ;
; 8:1                ; 8 bits    ; 40 LEs        ; 0 LEs                ; 40 LEs                 ; Yes        ; |pl_riscv_cpu|data_mem:datamem|data_ram[36][1]                        ;
; 8:1                ; 8 bits    ; 40 LEs        ; 0 LEs                ; 40 LEs                 ; Yes        ; |pl_riscv_cpu|data_mem:datamem|data_ram[35][5]                        ;
; 8:1                ; 8 bits    ; 40 LEs        ; 0 LEs                ; 40 LEs                 ; Yes        ; |pl_riscv_cpu|data_mem:datamem|data_ram[34][5]                        ;
; 8:1                ; 8 bits    ; 40 LEs        ; 0 LEs                ; 40 LEs                 ; Yes        ; |pl_riscv_cpu|data_mem:datamem|data_ram[33][2]                        ;
; 8:1                ; 8 bits    ; 40 LEs        ; 0 LEs                ; 40 LEs                 ; Yes        ; |pl_riscv_cpu|data_mem:datamem|data_ram[32][1]                        ;
; 8:1                ; 8 bits    ; 40 LEs        ; 0 LEs                ; 40 LEs                 ; Yes        ; |pl_riscv_cpu|data_mem:datamem|data_ram[31][5]                        ;
; 8:1                ; 8 bits    ; 40 LEs        ; 0 LEs                ; 40 LEs                 ; Yes        ; |pl_riscv_cpu|data_mem:datamem|data_ram[30][5]                        ;
; 8:1                ; 8 bits    ; 40 LEs        ; 0 LEs                ; 40 LEs                 ; Yes        ; |pl_riscv_cpu|data_mem:datamem|data_ram[29][3]                        ;
; 8:1                ; 8 bits    ; 40 LEs        ; 0 LEs                ; 40 LEs                 ; Yes        ; |pl_riscv_cpu|data_mem:datamem|data_ram[28][3]                        ;
; 8:1                ; 8 bits    ; 40 LEs        ; 0 LEs                ; 40 LEs                 ; Yes        ; |pl_riscv_cpu|data_mem:datamem|data_ram[27][3]                        ;
; 8:1                ; 8 bits    ; 40 LEs        ; 0 LEs                ; 40 LEs                 ; Yes        ; |pl_riscv_cpu|data_mem:datamem|data_ram[26][3]                        ;
; 8:1                ; 8 bits    ; 40 LEs        ; 0 LEs                ; 40 LEs                 ; Yes        ; |pl_riscv_cpu|data_mem:datamem|data_ram[25][4]                        ;
; 8:1                ; 8 bits    ; 40 LEs        ; 0 LEs                ; 40 LEs                 ; Yes        ; |pl_riscv_cpu|data_mem:datamem|data_ram[24][4]                        ;
; 8:1                ; 8 bits    ; 40 LEs        ; 0 LEs                ; 40 LEs                 ; Yes        ; |pl_riscv_cpu|data_mem:datamem|data_ram[23][3]                        ;
; 8:1                ; 8 bits    ; 40 LEs        ; 0 LEs                ; 40 LEs                 ; Yes        ; |pl_riscv_cpu|data_mem:datamem|data_ram[22][3]                        ;
; 8:1                ; 8 bits    ; 40 LEs        ; 0 LEs                ; 40 LEs                 ; Yes        ; |pl_riscv_cpu|data_mem:datamem|data_ram[21][5]                        ;
; 8:1                ; 8 bits    ; 40 LEs        ; 0 LEs                ; 40 LEs                 ; Yes        ; |pl_riscv_cpu|data_mem:datamem|data_ram[20][7]                        ;
; 8:1                ; 8 bits    ; 40 LEs        ; 0 LEs                ; 40 LEs                 ; Yes        ; |pl_riscv_cpu|data_mem:datamem|data_ram[19][7]                        ;
; 8:1                ; 8 bits    ; 40 LEs        ; 0 LEs                ; 40 LEs                 ; Yes        ; |pl_riscv_cpu|data_mem:datamem|data_ram[18][2]                        ;
; 8:1                ; 8 bits    ; 40 LEs        ; 0 LEs                ; 40 LEs                 ; Yes        ; |pl_riscv_cpu|data_mem:datamem|data_ram[17][7]                        ;
; 8:1                ; 8 bits    ; 40 LEs        ; 0 LEs                ; 40 LEs                 ; Yes        ; |pl_riscv_cpu|data_mem:datamem|data_ram[16][0]                        ;
; 8:1                ; 8 bits    ; 40 LEs        ; 0 LEs                ; 40 LEs                 ; Yes        ; |pl_riscv_cpu|data_mem:datamem|data_ram[15][7]                        ;
; 8:1                ; 8 bits    ; 40 LEs        ; 0 LEs                ; 40 LEs                 ; Yes        ; |pl_riscv_cpu|data_mem:datamem|data_ram[14][0]                        ;
; 8:1                ; 8 bits    ; 40 LEs        ; 0 LEs                ; 40 LEs                 ; Yes        ; |pl_riscv_cpu|data_mem:datamem|data_ram[13][7]                        ;
; 8:1                ; 8 bits    ; 40 LEs        ; 0 LEs                ; 40 LEs                 ; Yes        ; |pl_riscv_cpu|data_mem:datamem|data_ram[12][7]                        ;
; 8:1                ; 8 bits    ; 40 LEs        ; 0 LEs                ; 40 LEs                 ; Yes        ; |pl_riscv_cpu|data_mem:datamem|data_ram[11][5]                        ;
; 8:1                ; 8 bits    ; 40 LEs        ; 0 LEs                ; 40 LEs                 ; Yes        ; |pl_riscv_cpu|data_mem:datamem|data_ram[10][2]                        ;
; 8:1                ; 8 bits    ; 40 LEs        ; 0 LEs                ; 40 LEs                 ; Yes        ; |pl_riscv_cpu|data_mem:datamem|data_ram[9][4]                         ;
; 8:1                ; 8 bits    ; 40 LEs        ; 0 LEs                ; 40 LEs                 ; Yes        ; |pl_riscv_cpu|data_mem:datamem|data_ram[8][1]                         ;
; 8:1                ; 8 bits    ; 40 LEs        ; 0 LEs                ; 40 LEs                 ; Yes        ; |pl_riscv_cpu|data_mem:datamem|data_ram[7][1]                         ;
; 8:1                ; 8 bits    ; 40 LEs        ; 0 LEs                ; 40 LEs                 ; Yes        ; |pl_riscv_cpu|data_mem:datamem|data_ram[6][1]                         ;
; 8:1                ; 8 bits    ; 40 LEs        ; 0 LEs                ; 40 LEs                 ; Yes        ; |pl_riscv_cpu|data_mem:datamem|data_ram[5][3]                         ;
; 8:1                ; 8 bits    ; 40 LEs        ; 0 LEs                ; 40 LEs                 ; Yes        ; |pl_riscv_cpu|data_mem:datamem|data_ram[4][5]                         ;
; 8:1                ; 8 bits    ; 40 LEs        ; 0 LEs                ; 40 LEs                 ; Yes        ; |pl_riscv_cpu|data_mem:datamem|data_ram[3][2]                         ;
; 8:1                ; 8 bits    ; 40 LEs        ; 0 LEs                ; 40 LEs                 ; Yes        ; |pl_riscv_cpu|data_mem:datamem|data_ram[2][2]                         ;
; 8:1                ; 8 bits    ; 40 LEs        ; 0 LEs                ; 40 LEs                 ; Yes        ; |pl_riscv_cpu|data_mem:datamem|data_ram[1][3]                         ;
; 8:1                ; 8 bits    ; 40 LEs        ; 0 LEs                ; 40 LEs                 ; Yes        ; |pl_riscv_cpu|data_mem:datamem|data_ram[0][6]                         ;
; 10:1               ; 8 bits    ; 48 LEs        ; 8 LEs                ; 40 LEs                 ; Yes        ; |pl_riscv_cpu|data_mem:datamem|data_ram[0][29]                        ;
; 10:1               ; 8 bits    ; 48 LEs        ; 8 LEs                ; 40 LEs                 ; Yes        ; |pl_riscv_cpu|data_mem:datamem|data_ram[1][26]                        ;
; 10:1               ; 8 bits    ; 48 LEs        ; 8 LEs                ; 40 LEs                 ; Yes        ; |pl_riscv_cpu|data_mem:datamem|data_ram[2][28]                        ;
; 10:1               ; 8 bits    ; 48 LEs        ; 8 LEs                ; 40 LEs                 ; Yes        ; |pl_riscv_cpu|data_mem:datamem|data_ram[3][29]                        ;
; 10:1               ; 8 bits    ; 48 LEs        ; 8 LEs                ; 40 LEs                 ; Yes        ; |pl_riscv_cpu|data_mem:datamem|data_ram[4][24]                        ;
; 10:1               ; 8 bits    ; 48 LEs        ; 8 LEs                ; 40 LEs                 ; Yes        ; |pl_riscv_cpu|data_mem:datamem|data_ram[5][26]                        ;
; 10:1               ; 8 bits    ; 48 LEs        ; 8 LEs                ; 40 LEs                 ; Yes        ; |pl_riscv_cpu|data_mem:datamem|data_ram[6][24]                        ;
; 10:1               ; 8 bits    ; 48 LEs        ; 8 LEs                ; 40 LEs                 ; Yes        ; |pl_riscv_cpu|data_mem:datamem|data_ram[7][26]                        ;
; 10:1               ; 8 bits    ; 48 LEs        ; 8 LEs                ; 40 LEs                 ; Yes        ; |pl_riscv_cpu|data_mem:datamem|data_ram[8][25]                        ;
; 10:1               ; 8 bits    ; 48 LEs        ; 8 LEs                ; 40 LEs                 ; Yes        ; |pl_riscv_cpu|data_mem:datamem|data_ram[9][26]                        ;
; 10:1               ; 8 bits    ; 48 LEs        ; 8 LEs                ; 40 LEs                 ; Yes        ; |pl_riscv_cpu|data_mem:datamem|data_ram[10][25]                       ;
; 10:1               ; 8 bits    ; 48 LEs        ; 8 LEs                ; 40 LEs                 ; Yes        ; |pl_riscv_cpu|data_mem:datamem|data_ram[11][29]                       ;
; 10:1               ; 8 bits    ; 48 LEs        ; 8 LEs                ; 40 LEs                 ; Yes        ; |pl_riscv_cpu|data_mem:datamem|data_ram[12][31]                       ;
; 10:1               ; 8 bits    ; 48 LEs        ; 8 LEs                ; 40 LEs                 ; Yes        ; |pl_riscv_cpu|data_mem:datamem|data_ram[13][28]                       ;
; 10:1               ; 8 bits    ; 48 LEs        ; 8 LEs                ; 40 LEs                 ; Yes        ; |pl_riscv_cpu|data_mem:datamem|data_ram[14][25]                       ;
; 10:1               ; 8 bits    ; 48 LEs        ; 8 LEs                ; 40 LEs                 ; Yes        ; |pl_riscv_cpu|data_mem:datamem|data_ram[15][28]                       ;
; 10:1               ; 8 bits    ; 48 LEs        ; 8 LEs                ; 40 LEs                 ; Yes        ; |pl_riscv_cpu|data_mem:datamem|data_ram[16][26]                       ;
; 10:1               ; 8 bits    ; 48 LEs        ; 8 LEs                ; 40 LEs                 ; Yes        ; |pl_riscv_cpu|data_mem:datamem|data_ram[17][29]                       ;
; 10:1               ; 8 bits    ; 48 LEs        ; 8 LEs                ; 40 LEs                 ; Yes        ; |pl_riscv_cpu|data_mem:datamem|data_ram[18][24]                       ;
; 10:1               ; 8 bits    ; 48 LEs        ; 8 LEs                ; 40 LEs                 ; Yes        ; |pl_riscv_cpu|data_mem:datamem|data_ram[19][24]                       ;
; 10:1               ; 8 bits    ; 48 LEs        ; 8 LEs                ; 40 LEs                 ; Yes        ; |pl_riscv_cpu|data_mem:datamem|data_ram[20][24]                       ;
; 10:1               ; 8 bits    ; 48 LEs        ; 8 LEs                ; 40 LEs                 ; Yes        ; |pl_riscv_cpu|data_mem:datamem|data_ram[21][24]                       ;
; 10:1               ; 8 bits    ; 48 LEs        ; 8 LEs                ; 40 LEs                 ; Yes        ; |pl_riscv_cpu|data_mem:datamem|data_ram[22][24]                       ;
; 10:1               ; 8 bits    ; 48 LEs        ; 8 LEs                ; 40 LEs                 ; Yes        ; |pl_riscv_cpu|data_mem:datamem|data_ram[23][26]                       ;
; 10:1               ; 8 bits    ; 48 LEs        ; 8 LEs                ; 40 LEs                 ; Yes        ; |pl_riscv_cpu|data_mem:datamem|data_ram[24][25]                       ;
; 10:1               ; 8 bits    ; 48 LEs        ; 8 LEs                ; 40 LEs                 ; Yes        ; |pl_riscv_cpu|data_mem:datamem|data_ram[25][28]                       ;
; 10:1               ; 8 bits    ; 48 LEs        ; 8 LEs                ; 40 LEs                 ; Yes        ; |pl_riscv_cpu|data_mem:datamem|data_ram[26][24]                       ;
; 10:1               ; 8 bits    ; 48 LEs        ; 8 LEs                ; 40 LEs                 ; Yes        ; |pl_riscv_cpu|data_mem:datamem|data_ram[27][24]                       ;
; 10:1               ; 8 bits    ; 48 LEs        ; 8 LEs                ; 40 LEs                 ; Yes        ; |pl_riscv_cpu|data_mem:datamem|data_ram[28][24]                       ;
; 10:1               ; 8 bits    ; 48 LEs        ; 8 LEs                ; 40 LEs                 ; Yes        ; |pl_riscv_cpu|data_mem:datamem|data_ram[29][24]                       ;
; 10:1               ; 8 bits    ; 48 LEs        ; 8 LEs                ; 40 LEs                 ; Yes        ; |pl_riscv_cpu|data_mem:datamem|data_ram[30][24]                       ;
; 10:1               ; 8 bits    ; 48 LEs        ; 8 LEs                ; 40 LEs                 ; Yes        ; |pl_riscv_cpu|data_mem:datamem|data_ram[31][24]                       ;
; 10:1               ; 8 bits    ; 48 LEs        ; 8 LEs                ; 40 LEs                 ; Yes        ; |pl_riscv_cpu|data_mem:datamem|data_ram[32][29]                       ;
; 10:1               ; 8 bits    ; 48 LEs        ; 8 LEs                ; 40 LEs                 ; Yes        ; |pl_riscv_cpu|data_mem:datamem|data_ram[33][29]                       ;
; 10:1               ; 8 bits    ; 48 LEs        ; 8 LEs                ; 40 LEs                 ; Yes        ; |pl_riscv_cpu|data_mem:datamem|data_ram[34][28]                       ;
; 10:1               ; 8 bits    ; 48 LEs        ; 8 LEs                ; 40 LEs                 ; Yes        ; |pl_riscv_cpu|data_mem:datamem|data_ram[35][28]                       ;
; 10:1               ; 8 bits    ; 48 LEs        ; 8 LEs                ; 40 LEs                 ; Yes        ; |pl_riscv_cpu|data_mem:datamem|data_ram[36][27]                       ;
; 10:1               ; 8 bits    ; 48 LEs        ; 8 LEs                ; 40 LEs                 ; Yes        ; |pl_riscv_cpu|data_mem:datamem|data_ram[37][28]                       ;
; 10:1               ; 8 bits    ; 48 LEs        ; 8 LEs                ; 40 LEs                 ; Yes        ; |pl_riscv_cpu|data_mem:datamem|data_ram[38][28]                       ;
; 10:1               ; 8 bits    ; 48 LEs        ; 8 LEs                ; 40 LEs                 ; Yes        ; |pl_riscv_cpu|data_mem:datamem|data_ram[39][25]                       ;
; 10:1               ; 8 bits    ; 48 LEs        ; 8 LEs                ; 40 LEs                 ; Yes        ; |pl_riscv_cpu|data_mem:datamem|data_ram[40][31]                       ;
; 10:1               ; 8 bits    ; 48 LEs        ; 8 LEs                ; 40 LEs                 ; Yes        ; |pl_riscv_cpu|data_mem:datamem|data_ram[41][31]                       ;
; 10:1               ; 8 bits    ; 48 LEs        ; 8 LEs                ; 40 LEs                 ; Yes        ; |pl_riscv_cpu|data_mem:datamem|data_ram[42][26]                       ;
; 10:1               ; 8 bits    ; 48 LEs        ; 8 LEs                ; 40 LEs                 ; Yes        ; |pl_riscv_cpu|data_mem:datamem|data_ram[43][24]                       ;
; 10:1               ; 8 bits    ; 48 LEs        ; 8 LEs                ; 40 LEs                 ; Yes        ; |pl_riscv_cpu|data_mem:datamem|data_ram[44][24]                       ;
; 10:1               ; 8 bits    ; 48 LEs        ; 8 LEs                ; 40 LEs                 ; Yes        ; |pl_riscv_cpu|data_mem:datamem|data_ram[45][24]                       ;
; 10:1               ; 8 bits    ; 48 LEs        ; 8 LEs                ; 40 LEs                 ; Yes        ; |pl_riscv_cpu|data_mem:datamem|data_ram[46][31]                       ;
; 10:1               ; 8 bits    ; 48 LEs        ; 8 LEs                ; 40 LEs                 ; Yes        ; |pl_riscv_cpu|data_mem:datamem|data_ram[47][31]                       ;
; 10:1               ; 8 bits    ; 48 LEs        ; 8 LEs                ; 40 LEs                 ; Yes        ; |pl_riscv_cpu|data_mem:datamem|data_ram[48][31]                       ;
; 10:1               ; 8 bits    ; 48 LEs        ; 8 LEs                ; 40 LEs                 ; Yes        ; |pl_riscv_cpu|data_mem:datamem|data_ram[49][30]                       ;
; 10:1               ; 8 bits    ; 48 LEs        ; 8 LEs                ; 40 LEs                 ; Yes        ; |pl_riscv_cpu|data_mem:datamem|data_ram[50][30]                       ;
; 10:1               ; 8 bits    ; 48 LEs        ; 8 LEs                ; 40 LEs                 ; Yes        ; |pl_riscv_cpu|data_mem:datamem|data_ram[51][26]                       ;
; 10:1               ; 8 bits    ; 48 LEs        ; 8 LEs                ; 40 LEs                 ; Yes        ; |pl_riscv_cpu|data_mem:datamem|data_ram[52][26]                       ;
; 10:1               ; 8 bits    ; 48 LEs        ; 8 LEs                ; 40 LEs                 ; Yes        ; |pl_riscv_cpu|data_mem:datamem|data_ram[53][27]                       ;
; 10:1               ; 8 bits    ; 48 LEs        ; 8 LEs                ; 40 LEs                 ; Yes        ; |pl_riscv_cpu|data_mem:datamem|data_ram[54][28]                       ;
; 10:1               ; 8 bits    ; 48 LEs        ; 8 LEs                ; 40 LEs                 ; Yes        ; |pl_riscv_cpu|data_mem:datamem|data_ram[55][24]                       ;
; 10:1               ; 8 bits    ; 48 LEs        ; 8 LEs                ; 40 LEs                 ; Yes        ; |pl_riscv_cpu|data_mem:datamem|data_ram[56][27]                       ;
; 10:1               ; 8 bits    ; 48 LEs        ; 8 LEs                ; 40 LEs                 ; Yes        ; |pl_riscv_cpu|data_mem:datamem|data_ram[57][30]                       ;
; 10:1               ; 8 bits    ; 48 LEs        ; 8 LEs                ; 40 LEs                 ; Yes        ; |pl_riscv_cpu|data_mem:datamem|data_ram[58][30]                       ;
; 10:1               ; 8 bits    ; 48 LEs        ; 8 LEs                ; 40 LEs                 ; Yes        ; |pl_riscv_cpu|data_mem:datamem|data_ram[59][30]                       ;
; 10:1               ; 8 bits    ; 48 LEs        ; 8 LEs                ; 40 LEs                 ; Yes        ; |pl_riscv_cpu|data_mem:datamem|data_ram[60][30]                       ;
; 10:1               ; 8 bits    ; 48 LEs        ; 8 LEs                ; 40 LEs                 ; Yes        ; |pl_riscv_cpu|data_mem:datamem|data_ram[61][30]                       ;
; 10:1               ; 8 bits    ; 48 LEs        ; 8 LEs                ; 40 LEs                 ; Yes        ; |pl_riscv_cpu|data_mem:datamem|data_ram[62][28]                       ;
; 10:1               ; 8 bits    ; 48 LEs        ; 8 LEs                ; 40 LEs                 ; Yes        ; |pl_riscv_cpu|data_mem:datamem|data_ram[63][24]                       ;
; 10:1               ; 8 bits    ; 48 LEs        ; 8 LEs                ; 40 LEs                 ; Yes        ; |pl_riscv_cpu|data_mem:datamem|data_ram[0][22]                        ;
; 10:1               ; 8 bits    ; 48 LEs        ; 8 LEs                ; 40 LEs                 ; Yes        ; |pl_riscv_cpu|data_mem:datamem|data_ram[1][23]                        ;
; 10:1               ; 8 bits    ; 48 LEs        ; 8 LEs                ; 40 LEs                 ; Yes        ; |pl_riscv_cpu|data_mem:datamem|data_ram[2][20]                        ;
; 10:1               ; 8 bits    ; 48 LEs        ; 8 LEs                ; 40 LEs                 ; Yes        ; |pl_riscv_cpu|data_mem:datamem|data_ram[3][23]                        ;
; 10:1               ; 8 bits    ; 48 LEs        ; 8 LEs                ; 40 LEs                 ; Yes        ; |pl_riscv_cpu|data_mem:datamem|data_ram[4][16]                        ;
; 10:1               ; 8 bits    ; 48 LEs        ; 8 LEs                ; 40 LEs                 ; Yes        ; |pl_riscv_cpu|data_mem:datamem|data_ram[5][17]                        ;
; 10:1               ; 8 bits    ; 48 LEs        ; 8 LEs                ; 40 LEs                 ; Yes        ; |pl_riscv_cpu|data_mem:datamem|data_ram[6][16]                        ;
; 10:1               ; 8 bits    ; 48 LEs        ; 8 LEs                ; 40 LEs                 ; Yes        ; |pl_riscv_cpu|data_mem:datamem|data_ram[7][22]                        ;
; 10:1               ; 8 bits    ; 48 LEs        ; 8 LEs                ; 40 LEs                 ; Yes        ; |pl_riscv_cpu|data_mem:datamem|data_ram[8][16]                        ;
; 10:1               ; 8 bits    ; 48 LEs        ; 8 LEs                ; 40 LEs                 ; Yes        ; |pl_riscv_cpu|data_mem:datamem|data_ram[9][19]                        ;
; 10:1               ; 8 bits    ; 48 LEs        ; 8 LEs                ; 40 LEs                 ; Yes        ; |pl_riscv_cpu|data_mem:datamem|data_ram[10][17]                       ;
; 10:1               ; 8 bits    ; 48 LEs        ; 8 LEs                ; 40 LEs                 ; Yes        ; |pl_riscv_cpu|data_mem:datamem|data_ram[11][16]                       ;
; 10:1               ; 8 bits    ; 48 LEs        ; 8 LEs                ; 40 LEs                 ; Yes        ; |pl_riscv_cpu|data_mem:datamem|data_ram[12][17]                       ;
; 10:1               ; 8 bits    ; 48 LEs        ; 8 LEs                ; 40 LEs                 ; Yes        ; |pl_riscv_cpu|data_mem:datamem|data_ram[13][17]                       ;
; 10:1               ; 8 bits    ; 48 LEs        ; 8 LEs                ; 40 LEs                 ; Yes        ; |pl_riscv_cpu|data_mem:datamem|data_ram[14][17]                       ;
; 10:1               ; 8 bits    ; 48 LEs        ; 8 LEs                ; 40 LEs                 ; Yes        ; |pl_riscv_cpu|data_mem:datamem|data_ram[15][17]                       ;
; 10:1               ; 8 bits    ; 48 LEs        ; 8 LEs                ; 40 LEs                 ; Yes        ; |pl_riscv_cpu|data_mem:datamem|data_ram[16][17]                       ;
; 10:1               ; 8 bits    ; 48 LEs        ; 8 LEs                ; 40 LEs                 ; Yes        ; |pl_riscv_cpu|data_mem:datamem|data_ram[17][19]                       ;
; 10:1               ; 8 bits    ; 48 LEs        ; 8 LEs                ; 40 LEs                 ; Yes        ; |pl_riscv_cpu|data_mem:datamem|data_ram[18][19]                       ;
; 10:1               ; 8 bits    ; 48 LEs        ; 8 LEs                ; 40 LEs                 ; Yes        ; |pl_riscv_cpu|data_mem:datamem|data_ram[19][21]                       ;
; 10:1               ; 8 bits    ; 48 LEs        ; 8 LEs                ; 40 LEs                 ; Yes        ; |pl_riscv_cpu|data_mem:datamem|data_ram[20][17]                       ;
; 10:1               ; 8 bits    ; 48 LEs        ; 8 LEs                ; 40 LEs                 ; Yes        ; |pl_riscv_cpu|data_mem:datamem|data_ram[21][17]                       ;
; 10:1               ; 8 bits    ; 48 LEs        ; 8 LEs                ; 40 LEs                 ; Yes        ; |pl_riscv_cpu|data_mem:datamem|data_ram[22][16]                       ;
; 10:1               ; 8 bits    ; 48 LEs        ; 8 LEs                ; 40 LEs                 ; Yes        ; |pl_riscv_cpu|data_mem:datamem|data_ram[23][17]                       ;
; 10:1               ; 8 bits    ; 48 LEs        ; 8 LEs                ; 40 LEs                 ; Yes        ; |pl_riscv_cpu|data_mem:datamem|data_ram[24][17]                       ;
; 10:1               ; 8 bits    ; 48 LEs        ; 8 LEs                ; 40 LEs                 ; Yes        ; |pl_riscv_cpu|data_mem:datamem|data_ram[25][17]                       ;
; 10:1               ; 8 bits    ; 48 LEs        ; 8 LEs                ; 40 LEs                 ; Yes        ; |pl_riscv_cpu|data_mem:datamem|data_ram[26][20]                       ;
; 10:1               ; 8 bits    ; 48 LEs        ; 8 LEs                ; 40 LEs                 ; Yes        ; |pl_riscv_cpu|data_mem:datamem|data_ram[27][17]                       ;
; 10:1               ; 8 bits    ; 48 LEs        ; 8 LEs                ; 40 LEs                 ; Yes        ; |pl_riscv_cpu|data_mem:datamem|data_ram[28][21]                       ;
; 10:1               ; 8 bits    ; 48 LEs        ; 8 LEs                ; 40 LEs                 ; Yes        ; |pl_riscv_cpu|data_mem:datamem|data_ram[29][16]                       ;
; 10:1               ; 8 bits    ; 48 LEs        ; 8 LEs                ; 40 LEs                 ; Yes        ; |pl_riscv_cpu|data_mem:datamem|data_ram[30][18]                       ;
; 10:1               ; 8 bits    ; 48 LEs        ; 8 LEs                ; 40 LEs                 ; Yes        ; |pl_riscv_cpu|data_mem:datamem|data_ram[31][18]                       ;
; 10:1               ; 8 bits    ; 48 LEs        ; 8 LEs                ; 40 LEs                 ; Yes        ; |pl_riscv_cpu|data_mem:datamem|data_ram[32][19]                       ;
; 10:1               ; 8 bits    ; 48 LEs        ; 8 LEs                ; 40 LEs                 ; Yes        ; |pl_riscv_cpu|data_mem:datamem|data_ram[33][19]                       ;
; 10:1               ; 8 bits    ; 48 LEs        ; 8 LEs                ; 40 LEs                 ; Yes        ; |pl_riscv_cpu|data_mem:datamem|data_ram[34][22]                       ;
; 10:1               ; 8 bits    ; 48 LEs        ; 8 LEs                ; 40 LEs                 ; Yes        ; |pl_riscv_cpu|data_mem:datamem|data_ram[35][19]                       ;
; 10:1               ; 8 bits    ; 48 LEs        ; 8 LEs                ; 40 LEs                 ; Yes        ; |pl_riscv_cpu|data_mem:datamem|data_ram[36][18]                       ;
; 10:1               ; 8 bits    ; 48 LEs        ; 8 LEs                ; 40 LEs                 ; Yes        ; |pl_riscv_cpu|data_mem:datamem|data_ram[37][16]                       ;
; 10:1               ; 8 bits    ; 48 LEs        ; 8 LEs                ; 40 LEs                 ; Yes        ; |pl_riscv_cpu|data_mem:datamem|data_ram[38][16]                       ;
; 10:1               ; 8 bits    ; 48 LEs        ; 8 LEs                ; 40 LEs                 ; Yes        ; |pl_riscv_cpu|data_mem:datamem|data_ram[39][18]                       ;
; 10:1               ; 8 bits    ; 48 LEs        ; 8 LEs                ; 40 LEs                 ; Yes        ; |pl_riscv_cpu|data_mem:datamem|data_ram[40][18]                       ;
; 10:1               ; 8 bits    ; 48 LEs        ; 8 LEs                ; 40 LEs                 ; Yes        ; |pl_riscv_cpu|data_mem:datamem|data_ram[41][18]                       ;
; 10:1               ; 8 bits    ; 48 LEs        ; 8 LEs                ; 40 LEs                 ; Yes        ; |pl_riscv_cpu|data_mem:datamem|data_ram[42][23]                       ;
; 10:1               ; 8 bits    ; 48 LEs        ; 8 LEs                ; 40 LEs                 ; Yes        ; |pl_riscv_cpu|data_mem:datamem|data_ram[43][21]                       ;
; 10:1               ; 8 bits    ; 48 LEs        ; 8 LEs                ; 40 LEs                 ; Yes        ; |pl_riscv_cpu|data_mem:datamem|data_ram[44][21]                       ;
; 10:1               ; 8 bits    ; 48 LEs        ; 8 LEs                ; 40 LEs                 ; Yes        ; |pl_riscv_cpu|data_mem:datamem|data_ram[45][21]                       ;
; 10:1               ; 8 bits    ; 48 LEs        ; 8 LEs                ; 40 LEs                 ; Yes        ; |pl_riscv_cpu|data_mem:datamem|data_ram[46][19]                       ;
; 10:1               ; 8 bits    ; 48 LEs        ; 8 LEs                ; 40 LEs                 ; Yes        ; |pl_riscv_cpu|data_mem:datamem|data_ram[47][16]                       ;
; 10:1               ; 8 bits    ; 48 LEs        ; 8 LEs                ; 40 LEs                 ; Yes        ; |pl_riscv_cpu|data_mem:datamem|data_ram[48][16]                       ;
; 10:1               ; 8 bits    ; 48 LEs        ; 8 LEs                ; 40 LEs                 ; Yes        ; |pl_riscv_cpu|data_mem:datamem|data_ram[49][16]                       ;
; 10:1               ; 8 bits    ; 48 LEs        ; 8 LEs                ; 40 LEs                 ; Yes        ; |pl_riscv_cpu|data_mem:datamem|data_ram[50][22]                       ;
; 10:1               ; 8 bits    ; 48 LEs        ; 8 LEs                ; 40 LEs                 ; Yes        ; |pl_riscv_cpu|data_mem:datamem|data_ram[51][22]                       ;
; 10:1               ; 8 bits    ; 48 LEs        ; 8 LEs                ; 40 LEs                 ; Yes        ; |pl_riscv_cpu|data_mem:datamem|data_ram[52][22]                       ;
; 10:1               ; 8 bits    ; 48 LEs        ; 8 LEs                ; 40 LEs                 ; Yes        ; |pl_riscv_cpu|data_mem:datamem|data_ram[53][19]                       ;
; 10:1               ; 8 bits    ; 48 LEs        ; 8 LEs                ; 40 LEs                 ; Yes        ; |pl_riscv_cpu|data_mem:datamem|data_ram[54][19]                       ;
; 10:1               ; 8 bits    ; 48 LEs        ; 8 LEs                ; 40 LEs                 ; Yes        ; |pl_riscv_cpu|data_mem:datamem|data_ram[55][20]                       ;
; 10:1               ; 8 bits    ; 48 LEs        ; 8 LEs                ; 40 LEs                 ; Yes        ; |pl_riscv_cpu|data_mem:datamem|data_ram[56][22]                       ;
; 10:1               ; 8 bits    ; 48 LEs        ; 8 LEs                ; 40 LEs                 ; Yes        ; |pl_riscv_cpu|data_mem:datamem|data_ram[57][22]                       ;
; 10:1               ; 8 bits    ; 48 LEs        ; 8 LEs                ; 40 LEs                 ; Yes        ; |pl_riscv_cpu|data_mem:datamem|data_ram[58][22]                       ;
; 10:1               ; 8 bits    ; 48 LEs        ; 8 LEs                ; 40 LEs                 ; Yes        ; |pl_riscv_cpu|data_mem:datamem|data_ram[59][20]                       ;
; 10:1               ; 8 bits    ; 48 LEs        ; 8 LEs                ; 40 LEs                 ; Yes        ; |pl_riscv_cpu|data_mem:datamem|data_ram[60][21]                       ;
; 10:1               ; 8 bits    ; 48 LEs        ; 8 LEs                ; 40 LEs                 ; Yes        ; |pl_riscv_cpu|data_mem:datamem|data_ram[61][21]                       ;
; 10:1               ; 8 bits    ; 48 LEs        ; 8 LEs                ; 40 LEs                 ; Yes        ; |pl_riscv_cpu|data_mem:datamem|data_ram[62][23]                       ;
; 10:1               ; 8 bits    ; 48 LEs        ; 8 LEs                ; 40 LEs                 ; Yes        ; |pl_riscv_cpu|data_mem:datamem|data_ram[63][21]                       ;
; 9:1                ; 8 bits    ; 48 LEs        ; 8 LEs                ; 40 LEs                 ; Yes        ; |pl_riscv_cpu|data_mem:datamem|data_ram[0][12]                        ;
; 9:1                ; 8 bits    ; 48 LEs        ; 8 LEs                ; 40 LEs                 ; Yes        ; |pl_riscv_cpu|data_mem:datamem|data_ram[1][15]                        ;
; 9:1                ; 8 bits    ; 48 LEs        ; 8 LEs                ; 40 LEs                 ; Yes        ; |pl_riscv_cpu|data_mem:datamem|data_ram[2][11]                        ;
; 9:1                ; 8 bits    ; 48 LEs        ; 8 LEs                ; 40 LEs                 ; Yes        ; |pl_riscv_cpu|data_mem:datamem|data_ram[3][9]                         ;
; 9:1                ; 8 bits    ; 48 LEs        ; 8 LEs                ; 40 LEs                 ; Yes        ; |pl_riscv_cpu|data_mem:datamem|data_ram[4][10]                        ;
; 9:1                ; 8 bits    ; 48 LEs        ; 8 LEs                ; 40 LEs                 ; Yes        ; |pl_riscv_cpu|data_mem:datamem|data_ram[5][11]                        ;
; 9:1                ; 8 bits    ; 48 LEs        ; 8 LEs                ; 40 LEs                 ; Yes        ; |pl_riscv_cpu|data_mem:datamem|data_ram[6][10]                        ;
; 9:1                ; 8 bits    ; 48 LEs        ; 8 LEs                ; 40 LEs                 ; Yes        ; |pl_riscv_cpu|data_mem:datamem|data_ram[7][8]                         ;
; 9:1                ; 8 bits    ; 48 LEs        ; 8 LEs                ; 40 LEs                 ; Yes        ; |pl_riscv_cpu|data_mem:datamem|data_ram[8][8]                         ;
; 9:1                ; 8 bits    ; 48 LEs        ; 8 LEs                ; 40 LEs                 ; Yes        ; |pl_riscv_cpu|data_mem:datamem|data_ram[9][12]                        ;
; 9:1                ; 8 bits    ; 48 LEs        ; 8 LEs                ; 40 LEs                 ; Yes        ; |pl_riscv_cpu|data_mem:datamem|data_ram[10][12]                       ;
; 9:1                ; 8 bits    ; 48 LEs        ; 8 LEs                ; 40 LEs                 ; Yes        ; |pl_riscv_cpu|data_mem:datamem|data_ram[11][14]                       ;
; 9:1                ; 8 bits    ; 48 LEs        ; 8 LEs                ; 40 LEs                 ; Yes        ; |pl_riscv_cpu|data_mem:datamem|data_ram[12][15]                       ;
; 9:1                ; 8 bits    ; 48 LEs        ; 8 LEs                ; 40 LEs                 ; Yes        ; |pl_riscv_cpu|data_mem:datamem|data_ram[13][15]                       ;
; 9:1                ; 8 bits    ; 48 LEs        ; 8 LEs                ; 40 LEs                 ; Yes        ; |pl_riscv_cpu|data_mem:datamem|data_ram[14][12]                       ;
; 9:1                ; 8 bits    ; 48 LEs        ; 8 LEs                ; 40 LEs                 ; Yes        ; |pl_riscv_cpu|data_mem:datamem|data_ram[15][13]                       ;
; 9:1                ; 8 bits    ; 48 LEs        ; 8 LEs                ; 40 LEs                 ; Yes        ; |pl_riscv_cpu|data_mem:datamem|data_ram[16][13]                       ;
; 9:1                ; 8 bits    ; 48 LEs        ; 8 LEs                ; 40 LEs                 ; Yes        ; |pl_riscv_cpu|data_mem:datamem|data_ram[17][13]                       ;
; 9:1                ; 8 bits    ; 48 LEs        ; 8 LEs                ; 40 LEs                 ; Yes        ; |pl_riscv_cpu|data_mem:datamem|data_ram[18][13]                       ;
; 9:1                ; 8 bits    ; 48 LEs        ; 8 LEs                ; 40 LEs                 ; Yes        ; |pl_riscv_cpu|data_mem:datamem|data_ram[19][12]                       ;
; 9:1                ; 8 bits    ; 48 LEs        ; 8 LEs                ; 40 LEs                 ; Yes        ; |pl_riscv_cpu|data_mem:datamem|data_ram[20][11]                       ;
; 9:1                ; 8 bits    ; 48 LEs        ; 8 LEs                ; 40 LEs                 ; Yes        ; |pl_riscv_cpu|data_mem:datamem|data_ram[21][12]                       ;
; 9:1                ; 8 bits    ; 48 LEs        ; 8 LEs                ; 40 LEs                 ; Yes        ; |pl_riscv_cpu|data_mem:datamem|data_ram[22][14]                       ;
; 9:1                ; 8 bits    ; 48 LEs        ; 8 LEs                ; 40 LEs                 ; Yes        ; |pl_riscv_cpu|data_mem:datamem|data_ram[23][15]                       ;
; 9:1                ; 8 bits    ; 48 LEs        ; 8 LEs                ; 40 LEs                 ; Yes        ; |pl_riscv_cpu|data_mem:datamem|data_ram[24][13]                       ;
; 9:1                ; 8 bits    ; 48 LEs        ; 8 LEs                ; 40 LEs                 ; Yes        ; |pl_riscv_cpu|data_mem:datamem|data_ram[25][11]                       ;
; 9:1                ; 8 bits    ; 48 LEs        ; 8 LEs                ; 40 LEs                 ; Yes        ; |pl_riscv_cpu|data_mem:datamem|data_ram[26][13]                       ;
; 9:1                ; 8 bits    ; 48 LEs        ; 8 LEs                ; 40 LEs                 ; Yes        ; |pl_riscv_cpu|data_mem:datamem|data_ram[27][13]                       ;
; 9:1                ; 8 bits    ; 48 LEs        ; 8 LEs                ; 40 LEs                 ; Yes        ; |pl_riscv_cpu|data_mem:datamem|data_ram[28][13]                       ;
; 9:1                ; 8 bits    ; 48 LEs        ; 8 LEs                ; 40 LEs                 ; Yes        ; |pl_riscv_cpu|data_mem:datamem|data_ram[29][13]                       ;
; 9:1                ; 8 bits    ; 48 LEs        ; 8 LEs                ; 40 LEs                 ; Yes        ; |pl_riscv_cpu|data_mem:datamem|data_ram[30][13]                       ;
; 9:1                ; 8 bits    ; 48 LEs        ; 8 LEs                ; 40 LEs                 ; Yes        ; |pl_riscv_cpu|data_mem:datamem|data_ram[31][13]                       ;
; 9:1                ; 8 bits    ; 48 LEs        ; 8 LEs                ; 40 LEs                 ; Yes        ; |pl_riscv_cpu|data_mem:datamem|data_ram[32][13]                       ;
; 9:1                ; 8 bits    ; 48 LEs        ; 8 LEs                ; 40 LEs                 ; Yes        ; |pl_riscv_cpu|data_mem:datamem|data_ram[33][13]                       ;
; 9:1                ; 8 bits    ; 48 LEs        ; 8 LEs                ; 40 LEs                 ; Yes        ; |pl_riscv_cpu|data_mem:datamem|data_ram[34][13]                       ;
; 9:1                ; 8 bits    ; 48 LEs        ; 8 LEs                ; 40 LEs                 ; Yes        ; |pl_riscv_cpu|data_mem:datamem|data_ram[35][13]                       ;
; 9:1                ; 8 bits    ; 48 LEs        ; 8 LEs                ; 40 LEs                 ; Yes        ; |pl_riscv_cpu|data_mem:datamem|data_ram[36][8]                        ;
; 9:1                ; 8 bits    ; 48 LEs        ; 8 LEs                ; 40 LEs                 ; Yes        ; |pl_riscv_cpu|data_mem:datamem|data_ram[37][11]                       ;
; 9:1                ; 8 bits    ; 48 LEs        ; 8 LEs                ; 40 LEs                 ; Yes        ; |pl_riscv_cpu|data_mem:datamem|data_ram[38][13]                       ;
; 9:1                ; 8 bits    ; 48 LEs        ; 8 LEs                ; 40 LEs                 ; Yes        ; |pl_riscv_cpu|data_mem:datamem|data_ram[39][13]                       ;
; 9:1                ; 8 bits    ; 48 LEs        ; 8 LEs                ; 40 LEs                 ; Yes        ; |pl_riscv_cpu|data_mem:datamem|data_ram[40][13]                       ;
; 9:1                ; 8 bits    ; 48 LEs        ; 8 LEs                ; 40 LEs                 ; Yes        ; |pl_riscv_cpu|data_mem:datamem|data_ram[41][13]                       ;
; 9:1                ; 8 bits    ; 48 LEs        ; 8 LEs                ; 40 LEs                 ; Yes        ; |pl_riscv_cpu|data_mem:datamem|data_ram[42][8]                        ;
; 9:1                ; 8 bits    ; 48 LEs        ; 8 LEs                ; 40 LEs                 ; Yes        ; |pl_riscv_cpu|data_mem:datamem|data_ram[43][12]                       ;
; 9:1                ; 8 bits    ; 48 LEs        ; 8 LEs                ; 40 LEs                 ; Yes        ; |pl_riscv_cpu|data_mem:datamem|data_ram[44][12]                       ;
; 9:1                ; 8 bits    ; 48 LEs        ; 8 LEs                ; 40 LEs                 ; Yes        ; |pl_riscv_cpu|data_mem:datamem|data_ram[45][13]                       ;
; 9:1                ; 8 bits    ; 48 LEs        ; 8 LEs                ; 40 LEs                 ; Yes        ; |pl_riscv_cpu|data_mem:datamem|data_ram[46][13]                       ;
; 9:1                ; 8 bits    ; 48 LEs        ; 8 LEs                ; 40 LEs                 ; Yes        ; |pl_riscv_cpu|data_mem:datamem|data_ram[47][13]                       ;
; 9:1                ; 8 bits    ; 48 LEs        ; 8 LEs                ; 40 LEs                 ; Yes        ; |pl_riscv_cpu|data_mem:datamem|data_ram[48][13]                       ;
; 9:1                ; 8 bits    ; 48 LEs        ; 8 LEs                ; 40 LEs                 ; Yes        ; |pl_riscv_cpu|data_mem:datamem|data_ram[49][13]                       ;
; 9:1                ; 8 bits    ; 48 LEs        ; 8 LEs                ; 40 LEs                 ; Yes        ; |pl_riscv_cpu|data_mem:datamem|data_ram[50][10]                       ;
; 9:1                ; 8 bits    ; 48 LEs        ; 8 LEs                ; 40 LEs                 ; Yes        ; |pl_riscv_cpu|data_mem:datamem|data_ram[51][12]                       ;
; 9:1                ; 8 bits    ; 48 LEs        ; 8 LEs                ; 40 LEs                 ; Yes        ; |pl_riscv_cpu|data_mem:datamem|data_ram[52][9]                        ;
; 9:1                ; 8 bits    ; 48 LEs        ; 8 LEs                ; 40 LEs                 ; Yes        ; |pl_riscv_cpu|data_mem:datamem|data_ram[53][15]                       ;
; 9:1                ; 8 bits    ; 48 LEs        ; 8 LEs                ; 40 LEs                 ; Yes        ; |pl_riscv_cpu|data_mem:datamem|data_ram[54][13]                       ;
; 9:1                ; 8 bits    ; 48 LEs        ; 8 LEs                ; 40 LEs                 ; Yes        ; |pl_riscv_cpu|data_mem:datamem|data_ram[55][8]                        ;
; 9:1                ; 8 bits    ; 48 LEs        ; 8 LEs                ; 40 LEs                 ; Yes        ; |pl_riscv_cpu|data_mem:datamem|data_ram[56][13]                       ;
; 9:1                ; 8 bits    ; 48 LEs        ; 8 LEs                ; 40 LEs                 ; Yes        ; |pl_riscv_cpu|data_mem:datamem|data_ram[57][15]                       ;
; 9:1                ; 8 bits    ; 48 LEs        ; 8 LEs                ; 40 LEs                 ; Yes        ; |pl_riscv_cpu|data_mem:datamem|data_ram[58][13]                       ;
; 9:1                ; 8 bits    ; 48 LEs        ; 8 LEs                ; 40 LEs                 ; Yes        ; |pl_riscv_cpu|data_mem:datamem|data_ram[59][11]                       ;
; 9:1                ; 8 bits    ; 48 LEs        ; 8 LEs                ; 40 LEs                 ; Yes        ; |pl_riscv_cpu|data_mem:datamem|data_ram[60][11]                       ;
; 9:1                ; 8 bits    ; 48 LEs        ; 8 LEs                ; 40 LEs                 ; Yes        ; |pl_riscv_cpu|data_mem:datamem|data_ram[61][11]                       ;
; 9:1                ; 8 bits    ; 48 LEs        ; 8 LEs                ; 40 LEs                 ; Yes        ; |pl_riscv_cpu|data_mem:datamem|data_ram[62][10]                       ;
; 9:1                ; 8 bits    ; 48 LEs        ; 8 LEs                ; 40 LEs                 ; Yes        ; |pl_riscv_cpu|data_mem:datamem|data_ram[63][8]                        ;
; 3:1                ; 10 bits   ; 20 LEs        ; 20 LEs               ; 0 LEs                  ; No         ; |pl_riscv_cpu|riscv_cpu:rvcpu|datapath:dp|pl_reg_fd:plfd|InstrD       ;
; 4:1                ; 2 bits    ; 4 LEs         ; 4 LEs                ; 0 LEs                  ; No         ; |pl_riscv_cpu|riscv_cpu:rvcpu|datapath:dp|mux4:resultmux|y[0]         ;
; 3:1                ; 32 bits   ; 64 LEs        ; 64 LEs               ; 0 LEs                  ; No         ; |pl_riscv_cpu|riscv_cpu:rvcpu|datapath:dp|mux3:wrDE_rd2eMux|y[12]     ;
; 3:1                ; 32 bits   ; 64 LEs        ; 64 LEs               ; 0 LEs                  ; No         ; |pl_riscv_cpu|riscv_cpu:rvcpu|datapath:dp|mux3:srcA_rd1eMux|y[22]     ;
; 5:1                ; 10 bits   ; 30 LEs        ; 20 LEs               ; 10 LEs                 ; No         ; |pl_riscv_cpu|riscv_cpu:rvcpu|datapath:dp|mux4:resultmux|y[2]         ;
; 5:1                ; 20 bits   ; 60 LEs        ; 60 LEs               ; 0 LEs                  ; No         ; |pl_riscv_cpu|riscv_cpu:rvcpu|datapath:dp|mux4:resultmux|y[18]        ;
; 3:1                ; 8 bits    ; 16 LEs        ; 8 LEs                ; 8 LEs                  ; No         ; |pl_riscv_cpu|data_mem:datamem|Mux23                                  ;
; 64:1               ; 25 bits   ; 1050 LEs      ; 1050 LEs             ; 0 LEs                  ; No         ; |pl_riscv_cpu|data_mem:datamem|Mux2093                                ;
; 67:1               ; 7 bits    ; 308 LEs       ; 308 LEs              ; 0 LEs                  ; No         ; |pl_riscv_cpu|data_mem:datamem|Mux32                                  ;
; 22:1               ; 7 bits    ; 98 LEs        ; 56 LEs               ; 42 LEs                 ; No         ; |pl_riscv_cpu|riscv_cpu:rvcpu|datapath:dp|alu:alu|Mux17               ;
; 23:1               ; 7 bits    ; 105 LEs       ; 56 LEs               ; 49 LEs                 ; No         ; |pl_riscv_cpu|riscv_cpu:rvcpu|datapath:dp|alu:alu|Mux9                ;
; 23:1               ; 4 bits    ; 60 LEs        ; 36 LEs               ; 24 LEs                 ; No         ; |pl_riscv_cpu|riscv_cpu:rvcpu|datapath:dp|alu:alu|Mux24               ;
; 24:1               ; 4 bits    ; 64 LEs        ; 36 LEs               ; 28 LEs                 ; No         ; |pl_riscv_cpu|riscv_cpu:rvcpu|datapath:dp|alu:alu|Mux4                ;
; 24:1               ; 2 bits    ; 32 LEs        ; 20 LEs               ; 12 LEs                 ; No         ; |pl_riscv_cpu|riscv_cpu:rvcpu|datapath:dp|alu:alu|Mux28               ;
; 25:1               ; 2 bits    ; 32 LEs        ; 18 LEs               ; 14 LEs                 ; No         ; |pl_riscv_cpu|riscv_cpu:rvcpu|datapath:dp|alu:alu|Mux3                ;
+--------------------+-----------+---------------+----------------------+------------------------+------------+-----------------------------------------------------------------------+


+-----------------------------------------------------------------------------------------------------------------------------+
; Source assignments for riscv_cpu:rvcpu|datapath:dp|reg_file:rf|altsyncram:reg_file_arr_rtl_0|altsyncram_84i1:auto_generated ;
+---------------------------------+--------------------+------+---------------------------------------------------------------+
; Assignment                      ; Value              ; From ; To                                                            ;
+---------------------------------+--------------------+------+---------------------------------------------------------------+
; OPTIMIZE_POWER_DURING_SYNTHESIS ; NORMAL_COMPILATION ; -    ; -                                                             ;
+---------------------------------+--------------------+------+---------------------------------------------------------------+


+-----------------------------------------------------------------------------------------------------------------------------+
; Source assignments for riscv_cpu:rvcpu|datapath:dp|reg_file:rf|altsyncram:reg_file_arr_rtl_1|altsyncram_84i1:auto_generated ;
+---------------------------------+--------------------+------+---------------------------------------------------------------+
; Assignment                      ; Value              ; From ; To                                                            ;
+---------------------------------+--------------------+------+---------------------------------------------------------------+
; OPTIMIZE_POWER_DURING_SYNTHESIS ; NORMAL_COMPILATION ; -    ; -                                                             ;
+---------------------------------+--------------------+------+---------------------------------------------------------------+


+------------------------------------------------------------------------------------------------------------------------------------------------------+
; Source assignments for riscv_cpu:rvcpu|datapath:dp|pl_reg_de:plde|altshift_taps:auiE_rtl_0|shift_taps_a6m:auto_generated|altsyncram_vk31:altsyncram4 ;
+---------------------------------+--------------------+------+----------------------------------------------------------------------------------------+
; Assignment                      ; Value              ; From ; To                                                                                     ;
+---------------------------------+--------------------+------+----------------------------------------------------------------------------------------+
; OPTIMIZE_POWER_DURING_SYNTHESIS ; NORMAL_COMPILATION ; -    ; -                                                                                      ;
+---------------------------------+--------------------+------+----------------------------------------------------------------------------------------+


+-------------------------------------------------------------------------------------+
; Parameter Settings for User Entity Instance: riscv_cpu:rvcpu|datapath:dp|mux2:pcmux ;
+----------------+-------+------------------------------------------------------------+
; Parameter Name ; Value ; Type                                                       ;
+----------------+-------+------------------------------------------------------------+
; WIDTH          ; 32    ; Signed Integer                                             ;
+----------------+-------+------------------------------------------------------------+
Note: In order to hide this table in the UI and the text report file, please set the "Show Parameter Settings in Synthesis Report" option in "Analysis and Synthesis Settings -> More Settings" to "Off".


+---------------------------------------------------------------------------------------+
; Parameter Settings for User Entity Instance: riscv_cpu:rvcpu|datapath:dp|mux2:jalrmux ;
+----------------+-------+--------------------------------------------------------------+
; Parameter Name ; Value ; Type                                                         ;
+----------------+-------+--------------------------------------------------------------+
; WIDTH          ; 32    ; Signed Integer                                               ;
+----------------+-------+--------------------------------------------------------------+
Note: In order to hide this table in the UI and the text report file, please set the "Show Parameter Settings in Synthesis Report" option in "Analysis and Synthesis Settings -> More Settings" to "Off".


+-----------------------------------------------------------------------------------------+
; Parameter Settings for User Entity Instance: riscv_cpu:rvcpu|datapath:dp|reset_ff:pcreg ;
+----------------+-------+----------------------------------------------------------------+
; Parameter Name ; Value ; Type                                                           ;
+----------------+-------+----------------------------------------------------------------+
; WIDTH          ; 32    ; Signed Integer                                                 ;
+----------------+-------+----------------------------------------------------------------+
Note: In order to hide this table in the UI and the text report file, please set the "Show Parameter Settings in Synthesis Report" option in "Analysis and Synthesis Settings -> More Settings" to "Off".


+---------------------------------------------------------------------------------------+
; Parameter Settings for User Entity Instance: riscv_cpu:rvcpu|datapath:dp|adder:pcadd4 ;
+----------------+-------+--------------------------------------------------------------+
; Parameter Name ; Value ; Type                                                         ;
+----------------+-------+--------------------------------------------------------------+
; WIDTH          ; 32    ; Signed Integer                                               ;
+----------------+-------+--------------------------------------------------------------+
Note: In order to hide this table in the UI and the text report file, please set the "Show Parameter Settings in Synthesis Report" option in "Analysis and Synthesis Settings -> More Settings" to "Off".


+--------------------------------------------------------------------------------------+
; Parameter Settings for User Entity Instance: riscv_cpu:rvcpu|datapath:dp|reg_file:rf ;
+----------------+-------+-------------------------------------------------------------+
; Parameter Name ; Value ; Type                                                        ;
+----------------+-------+-------------------------------------------------------------+
; DATA_WIDTH     ; 32    ; Signed Integer                                              ;
+----------------+-------+-------------------------------------------------------------+
Note: In order to hide this table in the UI and the text report file, please set the "Show Parameter Settings in Synthesis Report" option in "Analysis and Synthesis Settings -> More Settings" to "Off".


+--------------------------------------------------------------------------------------------+
; Parameter Settings for User Entity Instance: riscv_cpu:rvcpu|datapath:dp|adder:pcaddbranch ;
+----------------+-------+-------------------------------------------------------------------+
; Parameter Name ; Value ; Type                                                              ;
+----------------+-------+-------------------------------------------------------------------+
; WIDTH          ; 32    ; Signed Integer                                                    ;
+----------------+-------+-------------------------------------------------------------------+
Note: In order to hide this table in the UI and the text report file, please set the "Show Parameter Settings in Synthesis Report" option in "Analysis and Synthesis Settings -> More Settings" to "Off".


+--------------------------------------------------------------------------------------------+
; Parameter Settings for User Entity Instance: riscv_cpu:rvcpu|datapath:dp|mux3:srcA_rd1eMux ;
+----------------+-------+-------------------------------------------------------------------+
; Parameter Name ; Value ; Type                                                              ;
+----------------+-------+-------------------------------------------------------------------+
; WIDTH          ; 32    ; Signed Integer                                                    ;
+----------------+-------+-------------------------------------------------------------------+
Note: In order to hide this table in the UI and the text report file, please set the "Show Parameter Settings in Synthesis Report" option in "Analysis and Synthesis Settings -> More Settings" to "Off".


+--------------------------------------------------------------------------------------------+
; Parameter Settings for User Entity Instance: riscv_cpu:rvcpu|datapath:dp|mux3:wrDE_rd2eMux ;
+----------------+-------+-------------------------------------------------------------------+
; Parameter Name ; Value ; Type                                                              ;
+----------------+-------+-------------------------------------------------------------------+
; WIDTH          ; 32    ; Signed Integer                                                    ;
+----------------+-------+-------------------------------------------------------------------+
Note: In order to hide this table in the UI and the text report file, please set the "Show Parameter Settings in Synthesis Report" option in "Analysis and Synthesis Settings -> More Settings" to "Off".


+---------------------------------------------------------------------------------------+
; Parameter Settings for User Entity Instance: riscv_cpu:rvcpu|datapath:dp|mux2:srcbmux ;
+----------------+-------+--------------------------------------------------------------+
; Parameter Name ; Value ; Type                                                         ;
+----------------+-------+--------------------------------------------------------------+
; WIDTH          ; 32    ; Signed Integer                                               ;
+----------------+-------+--------------------------------------------------------------+
Note: In order to hide this table in the UI and the text report file, please set the "Show Parameter Settings in Synthesis Report" option in "Analysis and Synthesis Settings -> More Settings" to "Off".


+----------------------------------------------------------------------------------+
; Parameter Settings for User Entity Instance: riscv_cpu:rvcpu|datapath:dp|alu:alu ;
+----------------+-------+---------------------------------------------------------+
; Parameter Name ; Value ; Type                                                    ;
+----------------+-------+---------------------------------------------------------+
; WIDTH          ; 32    ; Signed Integer                                          ;
+----------------+-------+---------------------------------------------------------+
Note: In order to hide this table in the UI and the text report file, please set the "Show Parameter Settings in Synthesis Report" option in "Analysis and Synthesis Settings -> More Settings" to "Off".


+-------------------------------------------------------------------------------------------+
; Parameter Settings for User Entity Instance: riscv_cpu:rvcpu|datapath:dp|adder:auipcadder ;
+----------------+-------+------------------------------------------------------------------+
; Parameter Name ; Value ; Type                                                             ;
+----------------+-------+------------------------------------------------------------------+
; WIDTH          ; 32    ; Signed Integer                                                   ;
+----------------+-------+------------------------------------------------------------------+
Note: In order to hide this table in the UI and the text report file, please set the "Show Parameter Settings in Synthesis Report" option in "Analysis and Synthesis Settings -> More Settings" to "Off".


+-----------------------------------------------------------------------------------------+
; Parameter Settings for User Entity Instance: riscv_cpu:rvcpu|datapath:dp|mux2:lauipcmux ;
+----------------+-------+----------------------------------------------------------------+
; Parameter Name ; Value ; Type                                                           ;
+----------------+-------+----------------------------------------------------------------+
; WIDTH          ; 32    ; Signed Integer                                                 ;
+----------------+-------+----------------------------------------------------------------+
Note: In order to hide this table in the UI and the text report file, please set the "Show Parameter Settings in Synthesis Report" option in "Analysis and Synthesis Settings -> More Settings" to "Off".


+-----------------------------------------------------------------------------------------+
; Parameter Settings for User Entity Instance: riscv_cpu:rvcpu|datapath:dp|mux4:resultmux ;
+----------------+-------+----------------------------------------------------------------+
; Parameter Name ; Value ; Type                                                           ;
+----------------+-------+----------------------------------------------------------------+
; WIDTH          ; 32    ; Signed Integer                                                 ;
+----------------+-------+----------------------------------------------------------------+
Note: In order to hide this table in the UI and the text report file, please set the "Show Parameter Settings in Synthesis Report" option in "Analysis and Synthesis Settings -> More Settings" to "Off".


+-----------------------------------------------------------------+
; Parameter Settings for User Entity Instance: instr_mem:instrmem ;
+----------------+-------+----------------------------------------+
; Parameter Name ; Value ; Type                                   ;
+----------------+-------+----------------------------------------+
; DATA_WIDTH     ; 32    ; Signed Integer                         ;
; ADDR_WIDTH     ; 32    ; Signed Integer                         ;
; MEM_SIZE       ; 512   ; Signed Integer                         ;
+----------------+-------+----------------------------------------+
Note: In order to hide this table in the UI and the text report file, please set the "Show Parameter Settings in Synthesis Report" option in "Analysis and Synthesis Settings -> More Settings" to "Off".


+---------------------------------------------------------------+
; Parameter Settings for User Entity Instance: data_mem:datamem ;
+----------------+-------+--------------------------------------+
; Parameter Name ; Value ; Type                                 ;
+----------------+-------+--------------------------------------+
; DATA_WIDTH     ; 32    ; Signed Integer                       ;
; ADDR_WIDTH     ; 32    ; Signed Integer                       ;
; MEM_SIZE       ; 64    ; Signed Integer                       ;
+----------------+-------+--------------------------------------+
Note: In order to hide this table in the UI and the text report file, please set the "Show Parameter Settings in Synthesis Report" option in "Analysis and Synthesis Settings -> More Settings" to "Off".


+------------------------------------------------------------------------------------------------------------------------+
; Parameter Settings for Inferred Entity Instance: riscv_cpu:rvcpu|datapath:dp|reg_file:rf|altsyncram:reg_file_arr_rtl_0 ;
+------------------------------------+------------------------------------------------+----------------------------------+
; Parameter Name                     ; Value                                          ; Type                             ;
+------------------------------------+------------------------------------------------+----------------------------------+
; BYTE_SIZE_BLOCK                    ; 8                                              ; Untyped                          ;
; AUTO_CARRY_CHAINS                  ; ON                                             ; AUTO_CARRY                       ;
; IGNORE_CARRY_BUFFERS               ; OFF                                            ; IGNORE_CARRY                     ;
; AUTO_CASCADE_CHAINS                ; ON                                             ; AUTO_CASCADE                     ;
; IGNORE_CASCADE_BUFFERS             ; OFF                                            ; IGNORE_CASCADE                   ;
; WIDTH_BYTEENA                      ; 1                                              ; Untyped                          ;
; OPERATION_MODE                     ; DUAL_PORT                                      ; Untyped                          ;
; WIDTH_A                            ; 32                                             ; Untyped                          ;
; WIDTHAD_A                          ; 5                                              ; Untyped                          ;
; NUMWORDS_A                         ; 32                                             ; Untyped                          ;
; OUTDATA_REG_A                      ; UNREGISTERED                                   ; Untyped                          ;
; ADDRESS_ACLR_A                     ; NONE                                           ; Untyped                          ;
; OUTDATA_ACLR_A                     ; NONE                                           ; Untyped                          ;
; WRCONTROL_ACLR_A                   ; NONE                                           ; Untyped                          ;
; INDATA_ACLR_A                      ; NONE                                           ; Untyped                          ;
; BYTEENA_ACLR_A                     ; NONE                                           ; Untyped                          ;
; WIDTH_B                            ; 32                                             ; Untyped                          ;
; WIDTHAD_B                          ; 5                                              ; Untyped                          ;
; NUMWORDS_B                         ; 32                                             ; Untyped                          ;
; INDATA_REG_B                       ; CLOCK1                                         ; Untyped                          ;
; WRCONTROL_WRADDRESS_REG_B          ; CLOCK1                                         ; Untyped                          ;
; RDCONTROL_REG_B                    ; CLOCK1                                         ; Untyped                          ;
; ADDRESS_REG_B                      ; CLOCK1                                         ; Untyped                          ;
; OUTDATA_REG_B                      ; UNREGISTERED                                   ; Untyped                          ;
; BYTEENA_REG_B                      ; CLOCK1                                         ; Untyped                          ;
; INDATA_ACLR_B                      ; NONE                                           ; Untyped                          ;
; WRCONTROL_ACLR_B                   ; NONE                                           ; Untyped                          ;
; ADDRESS_ACLR_B                     ; NONE                                           ; Untyped                          ;
; OUTDATA_ACLR_B                     ; NONE                                           ; Untyped                          ;
; RDCONTROL_ACLR_B                   ; NONE                                           ; Untyped                          ;
; BYTEENA_ACLR_B                     ; NONE                                           ; Untyped                          ;
; WIDTH_BYTEENA_A                    ; 1                                              ; Untyped                          ;
; WIDTH_BYTEENA_B                    ; 1                                              ; Untyped                          ;
; RAM_BLOCK_TYPE                     ; AUTO                                           ; Untyped                          ;
; BYTE_SIZE                          ; 8                                              ; Untyped                          ;
; READ_DURING_WRITE_MODE_MIXED_PORTS ; DONT_CARE                                      ; Untyped                          ;
; READ_DURING_WRITE_MODE_PORT_A      ; NEW_DATA_NO_NBE_READ                           ; Untyped                          ;
; READ_DURING_WRITE_MODE_PORT_B      ; NEW_DATA_NO_NBE_READ                           ; Untyped                          ;
; INIT_FILE                          ; db/pl_riscv_cpu.ram0_reg_file_c5668544.hdl.mif ; Untyped                          ;
; INIT_FILE_LAYOUT                   ; PORT_A                                         ; Untyped                          ;
; MAXIMUM_DEPTH                      ; 0                                              ; Untyped                          ;
; CLOCK_ENABLE_INPUT_A               ; NORMAL                                         ; Untyped                          ;
; CLOCK_ENABLE_INPUT_B               ; NORMAL                                         ; Untyped                          ;
; CLOCK_ENABLE_OUTPUT_A              ; NORMAL                                         ; Untyped                          ;
; CLOCK_ENABLE_OUTPUT_B              ; NORMAL                                         ; Untyped                          ;
; CLOCK_ENABLE_CORE_A                ; USE_INPUT_CLKEN                                ; Untyped                          ;
; CLOCK_ENABLE_CORE_B                ; USE_INPUT_CLKEN                                ; Untyped                          ;
; ENABLE_ECC                         ; FALSE                                          ; Untyped                          ;
; ECC_PIPELINE_STAGE_ENABLED         ; FALSE                                          ; Untyped                          ;
; WIDTH_ECCSTATUS                    ; 3                                              ; Untyped                          ;
; DEVICE_FAMILY                      ; Cyclone IV E                                   ; Untyped                          ;
; CBXI_PARAMETER                     ; altsyncram_84i1                                ; Untyped                          ;
+------------------------------------+------------------------------------------------+----------------------------------+
Note: In order to hide this table in the UI and the text report file, please set the "Show Parameter Settings in Synthesis Report" option in "Analysis and Synthesis Settings -> More Settings" to "Off".


+------------------------------------------------------------------------------------------------------------------------+
; Parameter Settings for Inferred Entity Instance: riscv_cpu:rvcpu|datapath:dp|reg_file:rf|altsyncram:reg_file_arr_rtl_1 ;
+------------------------------------+------------------------------------------------+----------------------------------+
; Parameter Name                     ; Value                                          ; Type                             ;
+------------------------------------+------------------------------------------------+----------------------------------+
; BYTE_SIZE_BLOCK                    ; 8                                              ; Untyped                          ;
; AUTO_CARRY_CHAINS                  ; ON                                             ; AUTO_CARRY                       ;
; IGNORE_CARRY_BUFFERS               ; OFF                                            ; IGNORE_CARRY                     ;
; AUTO_CASCADE_CHAINS                ; ON                                             ; AUTO_CASCADE                     ;
; IGNORE_CASCADE_BUFFERS             ; OFF                                            ; IGNORE_CASCADE                   ;
; WIDTH_BYTEENA                      ; 1                                              ; Untyped                          ;
; OPERATION_MODE                     ; DUAL_PORT                                      ; Untyped                          ;
; WIDTH_A                            ; 32                                             ; Untyped                          ;
; WIDTHAD_A                          ; 5                                              ; Untyped                          ;
; NUMWORDS_A                         ; 32                                             ; Untyped                          ;
; OUTDATA_REG_A                      ; UNREGISTERED                                   ; Untyped                          ;
; ADDRESS_ACLR_A                     ; NONE                                           ; Untyped                          ;
; OUTDATA_ACLR_A                     ; NONE                                           ; Untyped                          ;
; WRCONTROL_ACLR_A                   ; NONE                                           ; Untyped                          ;
; INDATA_ACLR_A                      ; NONE                                           ; Untyped                          ;
; BYTEENA_ACLR_A                     ; NONE                                           ; Untyped                          ;
; WIDTH_B                            ; 32                                             ; Untyped                          ;
; WIDTHAD_B                          ; 5                                              ; Untyped                          ;
; NUMWORDS_B                         ; 32                                             ; Untyped                          ;
; INDATA_REG_B                       ; CLOCK1                                         ; Untyped                          ;
; WRCONTROL_WRADDRESS_REG_B          ; CLOCK1                                         ; Untyped                          ;
; RDCONTROL_REG_B                    ; CLOCK1                                         ; Untyped                          ;
; ADDRESS_REG_B                      ; CLOCK1                                         ; Untyped                          ;
; OUTDATA_REG_B                      ; UNREGISTERED                                   ; Untyped                          ;
; BYTEENA_REG_B                      ; CLOCK1                                         ; Untyped                          ;
; INDATA_ACLR_B                      ; NONE                                           ; Untyped                          ;
; WRCONTROL_ACLR_B                   ; NONE                                           ; Untyped                          ;
; ADDRESS_ACLR_B                     ; NONE                                           ; Untyped                          ;
; OUTDATA_ACLR_B                     ; NONE                                           ; Untyped                          ;
; RDCONTROL_ACLR_B                   ; NONE                                           ; Untyped                          ;
; BYTEENA_ACLR_B                     ; NONE                                           ; Untyped                          ;
; WIDTH_BYTEENA_A                    ; 1                                              ; Untyped                          ;
; WIDTH_BYTEENA_B                    ; 1                                              ; Untyped                          ;
; RAM_BLOCK_TYPE                     ; AUTO                                           ; Untyped                          ;
; BYTE_SIZE                          ; 8                                              ; Untyped                          ;
; READ_DURING_WRITE_MODE_MIXED_PORTS ; DONT_CARE                                      ; Untyped                          ;
; READ_DURING_WRITE_MODE_PORT_A      ; NEW_DATA_NO_NBE_READ                           ; Untyped                          ;
; READ_DURING_WRITE_MODE_PORT_B      ; NEW_DATA_NO_NBE_READ                           ; Untyped                          ;
; INIT_FILE                          ; db/pl_riscv_cpu.ram0_reg_file_c5668544.hdl.mif ; Untyped                          ;
; INIT_FILE_LAYOUT                   ; PORT_A                                         ; Untyped                          ;
; MAXIMUM_DEPTH                      ; 0                                              ; Untyped                          ;
; CLOCK_ENABLE_INPUT_A               ; NORMAL                                         ; Untyped                          ;
; CLOCK_ENABLE_INPUT_B               ; NORMAL                                         ; Untyped                          ;
; CLOCK_ENABLE_OUTPUT_A              ; NORMAL                                         ; Untyped                          ;
; CLOCK_ENABLE_OUTPUT_B              ; NORMAL                                         ; Untyped                          ;
; CLOCK_ENABLE_CORE_A                ; USE_INPUT_CLKEN                                ; Untyped                          ;
; CLOCK_ENABLE_CORE_B                ; USE_INPUT_CLKEN                                ; Untyped                          ;
; ENABLE_ECC                         ; FALSE                                          ; Untyped                          ;
; ECC_PIPELINE_STAGE_ENABLED         ; FALSE                                          ; Untyped                          ;
; WIDTH_ECCSTATUS                    ; 3                                              ; Untyped                          ;
; DEVICE_FAMILY                      ; Cyclone IV E                                   ; Untyped                          ;
; CBXI_PARAMETER                     ; altsyncram_84i1                                ; Untyped                          ;
+------------------------------------+------------------------------------------------+----------------------------------+
Note: In order to hide this table in the UI and the text report file, please set the "Show Parameter Settings in Synthesis Report" option in "Analysis and Synthesis Settings -> More Settings" to "Off".


+----------------------------------------------------------------------------------------------------------------------+
; Parameter Settings for Inferred Entity Instance: riscv_cpu:rvcpu|datapath:dp|pl_reg_de:plde|altshift_taps:auiE_rtl_0 ;
+----------------+----------------+------------------------------------------------------------------------------------+
; Parameter Name ; Value          ; Type                                                                               ;
+----------------+----------------+------------------------------------------------------------------------------------+
; WIDTH_BYTEENA  ; 1              ; Untyped                                                                            ;
; NUMBER_OF_TAPS ; 1              ; Untyped                                                                            ;
; TAP_DISTANCE   ; 3              ; Untyped                                                                            ;
; WIDTH          ; 32             ; Untyped                                                                            ;
; POWER_UP_STATE ; CLEARED        ; Untyped                                                                            ;
; CBXI_PARAMETER ; shift_taps_a6m ; Untyped                                                                            ;
+----------------+----------------+------------------------------------------------------------------------------------+
Note: In order to hide this table in the UI and the text report file, please set the "Show Parameter Settings in Synthesis Report" option in "Analysis and Synthesis Settings -> More Settings" to "Off".


+-------------------------------------------------------------------------------------------------------------------+
; altsyncram Parameter Settings by Entity Instance                                                                  ;
+-------------------------------------------+-----------------------------------------------------------------------+
; Name                                      ; Value                                                                 ;
+-------------------------------------------+-----------------------------------------------------------------------+
; Number of entity instances                ; 2                                                                     ;
; Entity Instance                           ; riscv_cpu:rvcpu|datapath:dp|reg_file:rf|altsyncram:reg_file_arr_rtl_0 ;
;     -- OPERATION_MODE                     ; DUAL_PORT                                                             ;
;     -- WIDTH_A                            ; 32                                                                    ;
;     -- NUMWORDS_A                         ; 32                                                                    ;
;     -- OUTDATA_REG_A                      ; UNREGISTERED                                                          ;
;     -- WIDTH_B                            ; 32                                                                    ;
;     -- NUMWORDS_B                         ; 32                                                                    ;
;     -- ADDRESS_REG_B                      ; CLOCK1                                                                ;
;     -- OUTDATA_REG_B                      ; UNREGISTERED                                                          ;
;     -- RAM_BLOCK_TYPE                     ; AUTO                                                                  ;
;     -- READ_DURING_WRITE_MODE_MIXED_PORTS ; DONT_CARE                                                             ;
; Entity Instance                           ; riscv_cpu:rvcpu|datapath:dp|reg_file:rf|altsyncram:reg_file_arr_rtl_1 ;
;     -- OPERATION_MODE                     ; DUAL_PORT                                                             ;
;     -- WIDTH_A                            ; 32                                                                    ;
;     -- NUMWORDS_A                         ; 32                                                                    ;
;     -- OUTDATA_REG_A                      ; UNREGISTERED                                                          ;
;     -- WIDTH_B                            ; 32                                                                    ;
;     -- NUMWORDS_B                         ; 32                                                                    ;
;     -- ADDRESS_REG_B                      ; CLOCK1                                                                ;
;     -- OUTDATA_REG_B                      ; UNREGISTERED                                                          ;
;     -- RAM_BLOCK_TYPE                     ; AUTO                                                                  ;
;     -- READ_DURING_WRITE_MODE_MIXED_PORTS ; DONT_CARE                                                             ;
+-------------------------------------------+-----------------------------------------------------------------------+


+--------------------------------------------------------------------------------------------------+
; altshift_taps Parameter Settings by Entity Instance                                              ;
+----------------------------+---------------------------------------------------------------------+
; Name                       ; Value                                                               ;
+----------------------------+---------------------------------------------------------------------+
; Number of entity instances ; 1                                                                   ;
; Entity Instance            ; riscv_cpu:rvcpu|datapath:dp|pl_reg_de:plde|altshift_taps:auiE_rtl_0 ;
;     -- NUMBER_OF_TAPS      ; 1                                                                   ;
;     -- TAP_DISTANCE        ; 3                                                                   ;
;     -- WIDTH               ; 32                                                                  ;
+----------------------------+---------------------------------------------------------------------+


+------------------------------------------------------------------------+
; Port Connectivity Checks: "riscv_cpu:rvcpu|datapath:dp|mux2:lauipcmux" ;
+-----------+-------+----------+-----------------------------------------+
; Port      ; Type  ; Severity ; Details                                 ;
+-----------+-------+----------+-----------------------------------------+
; d1[11..0] ; Input ; Info     ; Stuck at GND                            ;
+-----------+-------+----------+-----------------------------------------+


+--------------------------------------------------------------------------+
; Port Connectivity Checks: "riscv_cpu:rvcpu|datapath:dp|adder:auipcadder" ;
+----------+-------+----------+--------------------------------------------+
; Port     ; Type  ; Severity ; Details                                    ;
+----------+-------+----------+--------------------------------------------+
; a[11..0] ; Input ; Info     ; Stuck at GND                               ;
+----------+-------+----------+--------------------------------------------+


+----------------------------------------------------------------------+
; Port Connectivity Checks: "riscv_cpu:rvcpu|datapath:dp|adder:pcadd4" ;
+----------+-------+----------+----------------------------------------+
; Port     ; Type  ; Severity ; Details                                ;
+----------+-------+----------+----------------------------------------+
; b[31..3] ; Input ; Info     ; Stuck at GND                           ;
; b[1..0]  ; Input ; Info     ; Stuck at GND                           ;
; b[2]     ; Input ; Info     ; Stuck at VCC                           ;
+----------+-------+----------+----------------------------------------+


+--------------------------------------------------------------------------------------------------------------------------+
; Port Connectivity Checks: "riscv_cpu:rvcpu|datapath:dp"                                                                  ;
+----------------+--------+----------+-------------------------------------------------------------------------------------+
; Port           ; Type   ; Severity ; Details                                                                             ;
+----------------+--------+----------+-------------------------------------------------------------------------------------+
; InstrD[29..15] ; Output ; Info     ; Connected to dangling logic. Logic that only feeds a dangling port will be removed. ;
; InstrD[11..7]  ; Output ; Info     ; Connected to dangling logic. Logic that only feeds a dangling port will be removed. ;
; InstrD[31]     ; Output ; Info     ; Connected to dangling logic. Logic that only feeds a dangling port will be removed. ;
+----------------+--------+----------+-------------------------------------------------------------------------------------+


+-----------------------------------------------------+
; Post-Synthesis Netlist Statistics for Top Partition ;
+-----------------------+-----------------------------+
; Type                  ; Count                       ;
+-----------------------+-----------------------------+
; boundary_port         ; 292                         ;
; cycloneiii_ff         ; 2590                        ;
;     ENA               ; 2112                        ;
;     ENA SCLR          ; 18                          ;
;     ENA SCLR SLD      ; 30                          ;
;     SCLR              ; 24                          ;
;     plain             ; 406                         ;
; cycloneiii_lcell_comb ; 3429                        ;
;     arith             ; 174                         ;
;         2 data inputs ; 31                          ;
;         3 data inputs ; 143                         ;
;     normal            ; 3255                        ;
;         0 data inputs ; 1                           ;
;         1 data inputs ; 3                           ;
;         2 data inputs ; 113                         ;
;         3 data inputs ; 487                         ;
;         4 data inputs ; 2651                        ;
; cycloneiii_ram_block  ; 96                          ;
;                       ;                             ;
; Max LUT depth         ; 23.00                       ;
; Average LUT depth     ; 10.11                       ;
+-----------------------+-----------------------------+


+-------------------------------+
; Elapsed Time Per Partition    ;
+----------------+--------------+
; Partition Name ; Elapsed Time ;
+----------------+--------------+
; Top            ; 00:00:10     ;
+----------------+--------------+


+-------------------------------+
; Analysis & Synthesis Messages ;
+-------------------------------+
Info: *******************************************************************
Info: Running Quartus Prime Analysis & Synthesis
    Info: Version 20.1.1 Build 720 11/11/2020 SJ Lite Edition
    Info: Processing started: Fri Jan 10 23:09:04 2025
Info: Command: quartus_map --read_settings_files=on --write_settings_files=off pl_riscv_cpu -c pl_riscv_cpu
Warning (18236): Number of processors has not been specified which may cause overloading on shared machines.  Set the global assignment NUM_PARALLEL_PROCESSORS in your QSF to an appropriate value for best performance.
Info (20030): Parallel compilation is enabled and will use 8 of the 8 processors detected
Info (12021): Found 1 design units, including 1 entities, in source file code/components/hazard_unit.v
    Info (12023): Found entity 1: hazard_unit File: C:/Users/3pm20/Desktop/MyCode/eyantra_fpga/eb_2336_task3c/pl_riscv_cpu/code/components/hazard_unit.v Line: 2
Info (12021): Found 1 design units, including 1 entities, in source file code/components/pl_reg_mw.v
    Info (12023): Found entity 1: pl_reg_mw File: C:/Users/3pm20/Desktop/MyCode/eyantra_fpga/eb_2336_task3c/pl_riscv_cpu/code/components/pl_reg_mw.v Line: 2
Info (12021): Found 1 design units, including 1 entities, in source file code/components/pl_reg_em.v
    Info (12023): Found entity 1: pl_reg_em File: C:/Users/3pm20/Desktop/MyCode/eyantra_fpga/eb_2336_task3c/pl_riscv_cpu/code/components/pl_reg_em.v Line: 2
Info (12021): Found 1 design units, including 1 entities, in source file code/components/pl_reg_de.v
    Info (12023): Found entity 1: pl_reg_de File: C:/Users/3pm20/Desktop/MyCode/eyantra_fpga/eb_2336_task3c/pl_riscv_cpu/code/components/pl_reg_de.v Line: 2
Info (12021): Found 1 design units, including 1 entities, in source file code/pl_riscv_cpu.v
    Info (12023): Found entity 1: pl_riscv_cpu File: C:/Users/3pm20/Desktop/MyCode/eyantra_fpga/eb_2336_task3c/pl_riscv_cpu/code/pl_riscv_cpu.v Line: 4
Info (12021): Found 1 design units, including 1 entities, in source file code/riscv_cpu.v
    Info (12023): Found entity 1: riscv_cpu File: C:/Users/3pm20/Desktop/MyCode/eyantra_fpga/eb_2336_task3c/pl_riscv_cpu/code/riscv_cpu.v Line: 4
Info (12021): Found 1 design units, including 1 entities, in source file code/instr_mem.v
    Info (12023): Found entity 1: instr_mem File: C:/Users/3pm20/Desktop/MyCode/eyantra_fpga/eb_2336_task3c/pl_riscv_cpu/code/instr_mem.v Line: 4
Info (12021): Found 1 design units, including 1 entities, in source file code/data_mem.v
    Info (12023): Found entity 1: data_mem File: C:/Users/3pm20/Desktop/MyCode/eyantra_fpga/eb_2336_task3c/pl_riscv_cpu/code/data_mem.v Line: 4
Info (12021): Found 1 design units, including 1 entities, in source file code/components/pl_reg_fd.v
    Info (12023): Found entity 1: pl_reg_fd File: C:/Users/3pm20/Desktop/MyCode/eyantra_fpga/eb_2336_task3c/pl_riscv_cpu/code/components/pl_reg_fd.v Line: 4
Info (12021): Found 1 design units, including 1 entities, in source file code/components/branching_unit.v
    Info (12023): Found entity 1: branching_unit File: C:/Users/3pm20/Desktop/MyCode/eyantra_fpga/eb_2336_task3c/pl_riscv_cpu/code/components/branching_unit.v Line: 4
Info (12021): Found 1 design units, including 1 entities, in source file code/components/reset_ff.v
    Info (12023): Found entity 1: reset_ff File: C:/Users/3pm20/Desktop/MyCode/eyantra_fpga/eb_2336_task3c/pl_riscv_cpu/code/components/reset_ff.v Line: 4
Info (12021): Found 1 design units, including 1 entities, in source file code/components/reg_file.v
    Info (12023): Found entity 1: reg_file File: C:/Users/3pm20/Desktop/MyCode/eyantra_fpga/eb_2336_task3c/pl_riscv_cpu/code/components/reg_file.v Line: 8
Info (12021): Found 1 design units, including 1 entities, in source file code/components/mux4.v
    Info (12023): Found entity 1: mux4 File: C:/Users/3pm20/Desktop/MyCode/eyantra_fpga/eb_2336_task3c/pl_riscv_cpu/code/components/mux4.v Line: 4
Info (12021): Found 1 design units, including 1 entities, in source file code/components/mux3.v
    Info (12023): Found entity 1: mux3 File: C:/Users/3pm20/Desktop/MyCode/eyantra_fpga/eb_2336_task3c/pl_riscv_cpu/code/components/mux3.v Line: 4
Info (12021): Found 1 design units, including 1 entities, in source file code/components/mux2.v
    Info (12023): Found entity 1: mux2 File: C:/Users/3pm20/Desktop/MyCode/eyantra_fpga/eb_2336_task3c/pl_riscv_cpu/code/components/mux2.v Line: 4
Info (12021): Found 1 design units, including 1 entities, in source file code/components/main_decoder.v
    Info (12023): Found entity 1: main_decoder File: C:/Users/3pm20/Desktop/MyCode/eyantra_fpga/eb_2336_task3c/pl_riscv_cpu/code/components/main_decoder.v Line: 4
Info (12021): Found 1 design units, including 1 entities, in source file code/components/imm_extend.v
    Info (12023): Found entity 1: imm_extend File: C:/Users/3pm20/Desktop/MyCode/eyantra_fpga/eb_2336_task3c/pl_riscv_cpu/code/components/imm_extend.v Line: 3
Info (12021): Found 1 design units, including 1 entities, in source file code/components/datapath.v
    Info (12023): Found entity 1: datapath File: C:/Users/3pm20/Desktop/MyCode/eyantra_fpga/eb_2336_task3c/pl_riscv_cpu/code/components/datapath.v Line: 3
Info (12021): Found 1 design units, including 1 entities, in source file code/components/controller.v
    Info (12023): Found entity 1: controller File: C:/Users/3pm20/Desktop/MyCode/eyantra_fpga/eb_2336_task3c/pl_riscv_cpu/code/components/controller.v Line: 4
Info (12021): Found 1 design units, including 1 entities, in source file code/components/alu_decoder.v
    Info (12023): Found entity 1: alu_decoder File: C:/Users/3pm20/Desktop/MyCode/eyantra_fpga/eb_2336_task3c/pl_riscv_cpu/code/components/alu_decoder.v Line: 4
Info (12021): Found 1 design units, including 1 entities, in source file code/components/alu.v
    Info (12023): Found entity 1: alu File: C:/Users/3pm20/Desktop/MyCode/eyantra_fpga/eb_2336_task3c/pl_riscv_cpu/code/components/alu.v Line: 4
Info (12021): Found 1 design units, including 1 entities, in source file code/components/adder.v
    Info (12023): Found entity 1: adder File: C:/Users/3pm20/Desktop/MyCode/eyantra_fpga/eb_2336_task3c/pl_riscv_cpu/code/components/adder.v Line: 4
Info (12127): Elaborating entity "pl_riscv_cpu" for the top level hierarchy
Info (12128): Elaborating entity "riscv_cpu" for hierarchy "riscv_cpu:rvcpu" File: C:/Users/3pm20/Desktop/MyCode/eyantra_fpga/eb_2336_task3c/pl_riscv_cpu/code/pl_riscv_cpu.v Line: 22
Info (12128): Elaborating entity "controller" for hierarchy "riscv_cpu:rvcpu|controller:c" File: C:/Users/3pm20/Desktop/MyCode/eyantra_fpga/eb_2336_task3c/pl_riscv_cpu/code/riscv_cpu.v Line: 23
Info (12128): Elaborating entity "main_decoder" for hierarchy "riscv_cpu:rvcpu|controller:c|main_decoder:md" File: C:/Users/3pm20/Desktop/MyCode/eyantra_fpga/eb_2336_task3c/pl_riscv_cpu/code/components/controller.v Line: 19
Info (12128): Elaborating entity "alu_decoder" for hierarchy "riscv_cpu:rvcpu|controller:c|alu_decoder:ad" File: C:/Users/3pm20/Desktop/MyCode/eyantra_fpga/eb_2336_task3c/pl_riscv_cpu/code/components/controller.v Line: 21
Info (12128): Elaborating entity "datapath" for hierarchy "riscv_cpu:rvcpu|datapath:dp" File: C:/Users/3pm20/Desktop/MyCode/eyantra_fpga/eb_2336_task3c/pl_riscv_cpu/code/riscv_cpu.v Line: 27
Info (12128): Elaborating entity "mux2" for hierarchy "riscv_cpu:rvcpu|datapath:dp|mux2:pcmux" File: C:/Users/3pm20/Desktop/MyCode/eyantra_fpga/eb_2336_task3c/pl_riscv_cpu/code/components/datapath.v Line: 48
Info (12128): Elaborating entity "reset_ff" for hierarchy "riscv_cpu:rvcpu|datapath:dp|reset_ff:pcreg" File: C:/Users/3pm20/Desktop/MyCode/eyantra_fpga/eb_2336_task3c/pl_riscv_cpu/code/components/datapath.v Line: 53
Info (12128): Elaborating entity "adder" for hierarchy "riscv_cpu:rvcpu|datapath:dp|adder:pcadd4" File: C:/Users/3pm20/Desktop/MyCode/eyantra_fpga/eb_2336_task3c/pl_riscv_cpu/code/components/datapath.v Line: 54
Info (12128): Elaborating entity "pl_reg_fd" for hierarchy "riscv_cpu:rvcpu|datapath:dp|pl_reg_fd:plfd" File: C:/Users/3pm20/Desktop/MyCode/eyantra_fpga/eb_2336_task3c/pl_riscv_cpu/code/components/datapath.v Line: 61
Info (12128): Elaborating entity "reg_file" for hierarchy "riscv_cpu:rvcpu|datapath:dp|reg_file:rf" File: C:/Users/3pm20/Desktop/MyCode/eyantra_fpga/eb_2336_task3c/pl_riscv_cpu/code/components/datapath.v Line: 70
Info (12128): Elaborating entity "imm_extend" for hierarchy "riscv_cpu:rvcpu|datapath:dp|imm_extend:ext" File: C:/Users/3pm20/Desktop/MyCode/eyantra_fpga/eb_2336_task3c/pl_riscv_cpu/code/components/datapath.v Line: 71
Info (12128): Elaborating entity "pl_reg_de" for hierarchy "riscv_cpu:rvcpu|datapath:dp|pl_reg_de:plde" File: C:/Users/3pm20/Desktop/MyCode/eyantra_fpga/eb_2336_task3c/pl_riscv_cpu/code/components/datapath.v Line: 81
Info (12128): Elaborating entity "mux3" for hierarchy "riscv_cpu:rvcpu|datapath:dp|mux3:srcA_rd1eMux" File: C:/Users/3pm20/Desktop/MyCode/eyantra_fpga/eb_2336_task3c/pl_riscv_cpu/code/components/datapath.v Line: 87
Info (12128): Elaborating entity "alu" for hierarchy "riscv_cpu:rvcpu|datapath:dp|alu:alu" File: C:/Users/3pm20/Desktop/MyCode/eyantra_fpga/eb_2336_task3c/pl_riscv_cpu/code/components/datapath.v Line: 91
Info (12128): Elaborating entity "branching_unit" for hierarchy "riscv_cpu:rvcpu|datapath:dp|branching_unit:bu" File: C:/Users/3pm20/Desktop/MyCode/eyantra_fpga/eb_2336_task3c/pl_riscv_cpu/code/components/datapath.v Line: 93
Info (12128): Elaborating entity "pl_reg_em" for hierarchy "riscv_cpu:rvcpu|datapath:dp|pl_reg_em:plem" File: C:/Users/3pm20/Desktop/MyCode/eyantra_fpga/eb_2336_task3c/pl_riscv_cpu/code/components/datapath.v Line: 101
Info (12128): Elaborating entity "pl_reg_mw" for hierarchy "riscv_cpu:rvcpu|datapath:dp|pl_reg_mw:plmw" File: C:/Users/3pm20/Desktop/MyCode/eyantra_fpga/eb_2336_task3c/pl_riscv_cpu/code/components/datapath.v Line: 108
Info (12128): Elaborating entity "mux4" for hierarchy "riscv_cpu:rvcpu|datapath:dp|mux4:resultmux" File: C:/Users/3pm20/Desktop/MyCode/eyantra_fpga/eb_2336_task3c/pl_riscv_cpu/code/components/datapath.v Line: 115
Info (12128): Elaborating entity "hazard_unit" for hierarchy "riscv_cpu:rvcpu|datapath:dp|hazard_unit:hu" File: C:/Users/3pm20/Desktop/MyCode/eyantra_fpga/eb_2336_task3c/pl_riscv_cpu/code/components/datapath.v Line: 120
Warning (10230): Verilog HDL assignment warning at hazard_unit.v(24): truncated value with size 2 to match size of target (1) File: C:/Users/3pm20/Desktop/MyCode/eyantra_fpga/eb_2336_task3c/pl_riscv_cpu/code/components/hazard_unit.v Line: 24
Warning (10230): Verilog HDL assignment warning at hazard_unit.v(25): truncated value with size 2 to match size of target (1) File: C:/Users/3pm20/Desktop/MyCode/eyantra_fpga/eb_2336_task3c/pl_riscv_cpu/code/components/hazard_unit.v Line: 25
Info (12128): Elaborating entity "instr_mem" for hierarchy "instr_mem:instrmem" File: C:/Users/3pm20/Desktop/MyCode/eyantra_fpga/eb_2336_task3c/pl_riscv_cpu/code/pl_riscv_cpu.v Line: 23
Warning (10850): Verilog HDL warning at instr_mem.v(13): number of words (79) in memory file does not match the number of elements in the address range [0:511] File: C:/Users/3pm20/Desktop/MyCode/eyantra_fpga/eb_2336_task3c/pl_riscv_cpu/code/instr_mem.v Line: 13
Warning (10030): Net "instr_ram.data_a" at instr_mem.v(10) has no driver or initial value, using a default initial value '0' File: C:/Users/3pm20/Desktop/MyCode/eyantra_fpga/eb_2336_task3c/pl_riscv_cpu/code/instr_mem.v Line: 10
Warning (10030): Net "instr_ram.waddr_a" at instr_mem.v(10) has no driver or initial value, using a default initial value '0' File: C:/Users/3pm20/Desktop/MyCode/eyantra_fpga/eb_2336_task3c/pl_riscv_cpu/code/instr_mem.v Line: 10
Warning (10030): Net "instr_ram.we_a" at instr_mem.v(10) has no driver or initial value, using a default initial value '0' File: C:/Users/3pm20/Desktop/MyCode/eyantra_fpga/eb_2336_task3c/pl_riscv_cpu/code/instr_mem.v Line: 10
Info (12128): Elaborating entity "data_mem" for hierarchy "data_mem:datamem" File: C:/Users/3pm20/Desktop/MyCode/eyantra_fpga/eb_2336_task3c/pl_riscv_cpu/code/pl_riscv_cpu.v Line: 24
Warning (10230): Verilog HDL assignment warning at data_mem.v(58): truncated value with size 40 to match size of target (32) File: C:/Users/3pm20/Desktop/MyCode/eyantra_fpga/eb_2336_task3c/pl_riscv_cpu/code/data_mem.v Line: 58
Warning (10230): Verilog HDL assignment warning at data_mem.v(59): truncated value with size 40 to match size of target (32) File: C:/Users/3pm20/Desktop/MyCode/eyantra_fpga/eb_2336_task3c/pl_riscv_cpu/code/data_mem.v Line: 59
Warning (10270): Verilog HDL Case Statement warning at data_mem.v(38): incomplete case statement has no default case item File: C:/Users/3pm20/Desktop/MyCode/eyantra_fpga/eb_2336_task3c/pl_riscv_cpu/code/data_mem.v Line: 38
Warning (10240): Verilog HDL Always Construct warning at data_mem.v(38): inferring latch(es) for variable "rd_data_mem", which holds its previous value in one or more paths through the always construct File: C:/Users/3pm20/Desktop/MyCode/eyantra_fpga/eb_2336_task3c/pl_riscv_cpu/code/data_mem.v Line: 38
Info (10041): Inferred latch for "rd_data_mem[0]" at data_mem.v(38) File: C:/Users/3pm20/Desktop/MyCode/eyantra_fpga/eb_2336_task3c/pl_riscv_cpu/code/data_mem.v Line: 38
Info (10041): Inferred latch for "rd_data_mem[1]" at data_mem.v(38) File: C:/Users/3pm20/Desktop/MyCode/eyantra_fpga/eb_2336_task3c/pl_riscv_cpu/code/data_mem.v Line: 38
Info (10041): Inferred latch for "rd_data_mem[2]" at data_mem.v(38) File: C:/Users/3pm20/Desktop/MyCode/eyantra_fpga/eb_2336_task3c/pl_riscv_cpu/code/data_mem.v Line: 38
Info (10041): Inferred latch for "rd_data_mem[3]" at data_mem.v(38) File: C:/Users/3pm20/Desktop/MyCode/eyantra_fpga/eb_2336_task3c/pl_riscv_cpu/code/data_mem.v Line: 38
Info (10041): Inferred latch for "rd_data_mem[4]" at data_mem.v(38) File: C:/Users/3pm20/Desktop/MyCode/eyantra_fpga/eb_2336_task3c/pl_riscv_cpu/code/data_mem.v Line: 38
Info (10041): Inferred latch for "rd_data_mem[5]" at data_mem.v(38) File: C:/Users/3pm20/Desktop/MyCode/eyantra_fpga/eb_2336_task3c/pl_riscv_cpu/code/data_mem.v Line: 38
Info (10041): Inferred latch for "rd_data_mem[6]" at data_mem.v(38) File: C:/Users/3pm20/Desktop/MyCode/eyantra_fpga/eb_2336_task3c/pl_riscv_cpu/code/data_mem.v Line: 38
Info (10041): Inferred latch for "rd_data_mem[7]" at data_mem.v(38) File: C:/Users/3pm20/Desktop/MyCode/eyantra_fpga/eb_2336_task3c/pl_riscv_cpu/code/data_mem.v Line: 38
Info (10041): Inferred latch for "rd_data_mem[8]" at data_mem.v(38) File: C:/Users/3pm20/Desktop/MyCode/eyantra_fpga/eb_2336_task3c/pl_riscv_cpu/code/data_mem.v Line: 38
Info (10041): Inferred latch for "rd_data_mem[9]" at data_mem.v(38) File: C:/Users/3pm20/Desktop/MyCode/eyantra_fpga/eb_2336_task3c/pl_riscv_cpu/code/data_mem.v Line: 38
Info (10041): Inferred latch for "rd_data_mem[10]" at data_mem.v(38) File: C:/Users/3pm20/Desktop/MyCode/eyantra_fpga/eb_2336_task3c/pl_riscv_cpu/code/data_mem.v Line: 38
Info (10041): Inferred latch for "rd_data_mem[11]" at data_mem.v(38) File: C:/Users/3pm20/Desktop/MyCode/eyantra_fpga/eb_2336_task3c/pl_riscv_cpu/code/data_mem.v Line: 38
Info (10041): Inferred latch for "rd_data_mem[12]" at data_mem.v(38) File: C:/Users/3pm20/Desktop/MyCode/eyantra_fpga/eb_2336_task3c/pl_riscv_cpu/code/data_mem.v Line: 38
Info (10041): Inferred latch for "rd_data_mem[13]" at data_mem.v(38) File: C:/Users/3pm20/Desktop/MyCode/eyantra_fpga/eb_2336_task3c/pl_riscv_cpu/code/data_mem.v Line: 38
Info (10041): Inferred latch for "rd_data_mem[14]" at data_mem.v(38) File: C:/Users/3pm20/Desktop/MyCode/eyantra_fpga/eb_2336_task3c/pl_riscv_cpu/code/data_mem.v Line: 38
Info (10041): Inferred latch for "rd_data_mem[15]" at data_mem.v(38) File: C:/Users/3pm20/Desktop/MyCode/eyantra_fpga/eb_2336_task3c/pl_riscv_cpu/code/data_mem.v Line: 38
Info (10041): Inferred latch for "rd_data_mem[16]" at data_mem.v(38) File: C:/Users/3pm20/Desktop/MyCode/eyantra_fpga/eb_2336_task3c/pl_riscv_cpu/code/data_mem.v Line: 38
Info (10041): Inferred latch for "rd_data_mem[17]" at data_mem.v(38) File: C:/Users/3pm20/Desktop/MyCode/eyantra_fpga/eb_2336_task3c/pl_riscv_cpu/code/data_mem.v Line: 38
Info (10041): Inferred latch for "rd_data_mem[18]" at data_mem.v(38) File: C:/Users/3pm20/Desktop/MyCode/eyantra_fpga/eb_2336_task3c/pl_riscv_cpu/code/data_mem.v Line: 38
Info (10041): Inferred latch for "rd_data_mem[19]" at data_mem.v(38) File: C:/Users/3pm20/Desktop/MyCode/eyantra_fpga/eb_2336_task3c/pl_riscv_cpu/code/data_mem.v Line: 38
Info (10041): Inferred latch for "rd_data_mem[20]" at data_mem.v(38) File: C:/Users/3pm20/Desktop/MyCode/eyantra_fpga/eb_2336_task3c/pl_riscv_cpu/code/data_mem.v Line: 38
Info (10041): Inferred latch for "rd_data_mem[21]" at data_mem.v(38) File: C:/Users/3pm20/Desktop/MyCode/eyantra_fpga/eb_2336_task3c/pl_riscv_cpu/code/data_mem.v Line: 38
Info (10041): Inferred latch for "rd_data_mem[22]" at data_mem.v(38) File: C:/Users/3pm20/Desktop/MyCode/eyantra_fpga/eb_2336_task3c/pl_riscv_cpu/code/data_mem.v Line: 38
Info (10041): Inferred latch for "rd_data_mem[23]" at data_mem.v(38) File: C:/Users/3pm20/Desktop/MyCode/eyantra_fpga/eb_2336_task3c/pl_riscv_cpu/code/data_mem.v Line: 38
Info (10041): Inferred latch for "rd_data_mem[24]" at data_mem.v(38) File: C:/Users/3pm20/Desktop/MyCode/eyantra_fpga/eb_2336_task3c/pl_riscv_cpu/code/data_mem.v Line: 38
Info (10041): Inferred latch for "rd_data_mem[25]" at data_mem.v(38) File: C:/Users/3pm20/Desktop/MyCode/eyantra_fpga/eb_2336_task3c/pl_riscv_cpu/code/data_mem.v Line: 38
Info (10041): Inferred latch for "rd_data_mem[26]" at data_mem.v(38) File: C:/Users/3pm20/Desktop/MyCode/eyantra_fpga/eb_2336_task3c/pl_riscv_cpu/code/data_mem.v Line: 38
Info (10041): Inferred latch for "rd_data_mem[27]" at data_mem.v(38) File: C:/Users/3pm20/Desktop/MyCode/eyantra_fpga/eb_2336_task3c/pl_riscv_cpu/code/data_mem.v Line: 38
Info (10041): Inferred latch for "rd_data_mem[28]" at data_mem.v(38) File: C:/Users/3pm20/Desktop/MyCode/eyantra_fpga/eb_2336_task3c/pl_riscv_cpu/code/data_mem.v Line: 38
Info (10041): Inferred latch for "rd_data_mem[29]" at data_mem.v(38) File: C:/Users/3pm20/Desktop/MyCode/eyantra_fpga/eb_2336_task3c/pl_riscv_cpu/code/data_mem.v Line: 38
Info (10041): Inferred latch for "rd_data_mem[30]" at data_mem.v(38) File: C:/Users/3pm20/Desktop/MyCode/eyantra_fpga/eb_2336_task3c/pl_riscv_cpu/code/data_mem.v Line: 38
Info (10041): Inferred latch for "rd_data_mem[31]" at data_mem.v(38) File: C:/Users/3pm20/Desktop/MyCode/eyantra_fpga/eb_2336_task3c/pl_riscv_cpu/code/data_mem.v Line: 38
Warning (276027): Inferred dual-clock RAM node "riscv_cpu:rvcpu|datapath:dp|reg_file:rf|reg_file_arr_rtl_0" from synchronous design logic.  The read-during-write behavior of a dual-clock RAM is undefined and may not match the behavior of the original design.
Warning (276027): Inferred dual-clock RAM node "riscv_cpu:rvcpu|datapath:dp|reg_file:rf|reg_file_arr_rtl_1" from synchronous design logic.  The read-during-write behavior of a dual-clock RAM is undefined and may not match the behavior of the original design.
Warning (127007): Memory Initialization File or Hexadecimal (Intel-Format) File "C:/Users/3pm20/Desktop/MyCode/eyantra_fpga/eb_2336_task3c/pl_riscv_cpu/db/pl_riscv_cpu.ram0_instr_mem_8ff0214b.hdl.mif" contains "don't care" values -- overwriting them with 0s
Info (19000): Inferred 3 megafunctions from design logic
    Info (276029): Inferred altsyncram megafunction from the following design logic: "riscv_cpu:rvcpu|datapath:dp|reg_file:rf|reg_file_arr_rtl_0" 
        Info (286033): Parameter OPERATION_MODE set to DUAL_PORT
        Info (286033): Parameter WIDTH_A set to 32
        Info (286033): Parameter WIDTHAD_A set to 5
        Info (286033): Parameter NUMWORDS_A set to 32
        Info (286033): Parameter WIDTH_B set to 32
        Info (286033): Parameter WIDTHAD_B set to 5
        Info (286033): Parameter NUMWORDS_B set to 32
        Info (286033): Parameter ADDRESS_ACLR_A set to NONE
        Info (286033): Parameter OUTDATA_REG_B set to UNREGISTERED
        Info (286033): Parameter ADDRESS_ACLR_B set to NONE
        Info (286033): Parameter OUTDATA_ACLR_B set to NONE
        Info (286033): Parameter ADDRESS_REG_B set to CLOCK1
        Info (286033): Parameter INDATA_ACLR_A set to NONE
        Info (286033): Parameter WRCONTROL_ACLR_A set to NONE
        Info (286033): Parameter INIT_FILE set to db/pl_riscv_cpu.ram0_reg_file_c5668544.hdl.mif
    Info (276029): Inferred altsyncram megafunction from the following design logic: "riscv_cpu:rvcpu|datapath:dp|reg_file:rf|reg_file_arr_rtl_1" 
        Info (286033): Parameter OPERATION_MODE set to DUAL_PORT
        Info (286033): Parameter WIDTH_A set to 32
        Info (286033): Parameter WIDTHAD_A set to 5
        Info (286033): Parameter NUMWORDS_A set to 32
        Info (286033): Parameter WIDTH_B set to 32
        Info (286033): Parameter WIDTHAD_B set to 5
        Info (286033): Parameter NUMWORDS_B set to 32
        Info (286033): Parameter ADDRESS_ACLR_A set to NONE
        Info (286033): Parameter OUTDATA_REG_B set to UNREGISTERED
        Info (286033): Parameter ADDRESS_ACLR_B set to NONE
        Info (286033): Parameter OUTDATA_ACLR_B set to NONE
        Info (286033): Parameter ADDRESS_REG_B set to CLOCK1
        Info (286033): Parameter INDATA_ACLR_A set to NONE
        Info (286033): Parameter WRCONTROL_ACLR_A set to NONE
        Info (286033): Parameter INIT_FILE set to db/pl_riscv_cpu.ram0_reg_file_c5668544.hdl.mif
    Info (276034): Inferred altshift_taps megafunction from the following design logic: "riscv_cpu:rvcpu|datapath:dp|pl_reg_de:plde|auiE_rtl_0"
        Info (286033): Parameter NUMBER_OF_TAPS set to 1
        Info (286033): Parameter TAP_DISTANCE set to 3
        Info (286033): Parameter WIDTH set to 32
Info (12130): Elaborated megafunction instantiation "riscv_cpu:rvcpu|datapath:dp|reg_file:rf|altsyncram:reg_file_arr_rtl_0"
Info (12133): Instantiated megafunction "riscv_cpu:rvcpu|datapath:dp|reg_file:rf|altsyncram:reg_file_arr_rtl_0" with the following parameter:
    Info (12134): Parameter "OPERATION_MODE" = "DUAL_PORT"
    Info (12134): Parameter "WIDTH_A" = "32"
    Info (12134): Parameter "WIDTHAD_A" = "5"
    Info (12134): Parameter "NUMWORDS_A" = "32"
    Info (12134): Parameter "WIDTH_B" = "32"
    Info (12134): Parameter "WIDTHAD_B" = "5"
    Info (12134): Parameter "NUMWORDS_B" = "32"
    Info (12134): Parameter "ADDRESS_ACLR_A" = "NONE"
    Info (12134): Parameter "OUTDATA_REG_B" = "UNREGISTERED"
    Info (12134): Parameter "ADDRESS_ACLR_B" = "NONE"
    Info (12134): Parameter "OUTDATA_ACLR_B" = "NONE"
    Info (12134): Parameter "ADDRESS_REG_B" = "CLOCK1"
    Info (12134): Parameter "INDATA_ACLR_A" = "NONE"
    Info (12134): Parameter "WRCONTROL_ACLR_A" = "NONE"
    Info (12134): Parameter "INIT_FILE" = "db/pl_riscv_cpu.ram0_reg_file_c5668544.hdl.mif"
Info (12021): Found 1 design units, including 1 entities, in source file db/altsyncram_84i1.tdf
    Info (12023): Found entity 1: altsyncram_84i1 File: C:/Users/3pm20/Desktop/MyCode/eyantra_fpga/eb_2336_task3c/pl_riscv_cpu/db/altsyncram_84i1.tdf Line: 28
Info (12130): Elaborated megafunction instantiation "riscv_cpu:rvcpu|datapath:dp|pl_reg_de:plde|altshift_taps:auiE_rtl_0"
Info (12133): Instantiated megafunction "riscv_cpu:rvcpu|datapath:dp|pl_reg_de:plde|altshift_taps:auiE_rtl_0" with the following parameter:
    Info (12134): Parameter "NUMBER_OF_TAPS" = "1"
    Info (12134): Parameter "TAP_DISTANCE" = "3"
    Info (12134): Parameter "WIDTH" = "32"
Info (12021): Found 1 design units, including 1 entities, in source file db/shift_taps_a6m.tdf
    Info (12023): Found entity 1: shift_taps_a6m File: C:/Users/3pm20/Desktop/MyCode/eyantra_fpga/eb_2336_task3c/pl_riscv_cpu/db/shift_taps_a6m.tdf Line: 29
Info (12021): Found 1 design units, including 1 entities, in source file db/altsyncram_vk31.tdf
    Info (12023): Found entity 1: altsyncram_vk31 File: C:/Users/3pm20/Desktop/MyCode/eyantra_fpga/eb_2336_task3c/pl_riscv_cpu/db/altsyncram_vk31.tdf Line: 28
Info (12021): Found 1 design units, including 1 entities, in source file db/add_sub_24e.tdf
    Info (12023): Found entity 1: add_sub_24e File: C:/Users/3pm20/Desktop/MyCode/eyantra_fpga/eb_2336_task3c/pl_riscv_cpu/db/add_sub_24e.tdf Line: 23
Info (12021): Found 1 design units, including 1 entities, in source file db/cntr_6pf.tdf
    Info (12023): Found entity 1: cntr_6pf File: C:/Users/3pm20/Desktop/MyCode/eyantra_fpga/eb_2336_task3c/pl_riscv_cpu/db/cntr_6pf.tdf Line: 25
Info (12021): Found 1 design units, including 1 entities, in source file db/cmpr_ogc.tdf
    Info (12023): Found entity 1: cmpr_ogc File: C:/Users/3pm20/Desktop/MyCode/eyantra_fpga/eb_2336_task3c/pl_riscv_cpu/db/cmpr_ogc.tdf Line: 23
Warning (13012): Latch data_mem:datamem|rd_data_mem[0] has unsafe behavior File: C:/Users/3pm20/Desktop/MyCode/eyantra_fpga/eb_2336_task3c/pl_riscv_cpu/code/data_mem.v Line: 38
    Warning (13013): Ports D and ENA on the latch are fed by the same signal reset File: C:/Users/3pm20/Desktop/MyCode/eyantra_fpga/eb_2336_task3c/pl_riscv_cpu/code/pl_riscv_cpu.v Line: 5
Warning (13012): Latch data_mem:datamem|rd_data_mem[1] has unsafe behavior File: C:/Users/3pm20/Desktop/MyCode/eyantra_fpga/eb_2336_task3c/pl_riscv_cpu/code/data_mem.v Line: 38
    Warning (13013): Ports D and ENA on the latch are fed by the same signal reset File: C:/Users/3pm20/Desktop/MyCode/eyantra_fpga/eb_2336_task3c/pl_riscv_cpu/code/pl_riscv_cpu.v Line: 5
Warning (13012): Latch data_mem:datamem|rd_data_mem[2] has unsafe behavior File: C:/Users/3pm20/Desktop/MyCode/eyantra_fpga/eb_2336_task3c/pl_riscv_cpu/code/data_mem.v Line: 38
    Warning (13013): Ports D and ENA on the latch are fed by the same signal reset File: C:/Users/3pm20/Desktop/MyCode/eyantra_fpga/eb_2336_task3c/pl_riscv_cpu/code/pl_riscv_cpu.v Line: 5
Warning (13012): Latch data_mem:datamem|rd_data_mem[3] has unsafe behavior File: C:/Users/3pm20/Desktop/MyCode/eyantra_fpga/eb_2336_task3c/pl_riscv_cpu/code/data_mem.v Line: 38
    Warning (13013): Ports D and ENA on the latch are fed by the same signal reset File: C:/Users/3pm20/Desktop/MyCode/eyantra_fpga/eb_2336_task3c/pl_riscv_cpu/code/pl_riscv_cpu.v Line: 5
Warning (13012): Latch data_mem:datamem|rd_data_mem[4] has unsafe behavior File: C:/Users/3pm20/Desktop/MyCode/eyantra_fpga/eb_2336_task3c/pl_riscv_cpu/code/data_mem.v Line: 38
    Warning (13013): Ports D and ENA on the latch are fed by the same signal reset File: C:/Users/3pm20/Desktop/MyCode/eyantra_fpga/eb_2336_task3c/pl_riscv_cpu/code/pl_riscv_cpu.v Line: 5
Warning (13012): Latch data_mem:datamem|rd_data_mem[5] has unsafe behavior File: C:/Users/3pm20/Desktop/MyCode/eyantra_fpga/eb_2336_task3c/pl_riscv_cpu/code/data_mem.v Line: 38
    Warning (13013): Ports D and ENA on the latch are fed by the same signal reset File: C:/Users/3pm20/Desktop/MyCode/eyantra_fpga/eb_2336_task3c/pl_riscv_cpu/code/pl_riscv_cpu.v Line: 5
Warning (13012): Latch data_mem:datamem|rd_data_mem[6] has unsafe behavior File: C:/Users/3pm20/Desktop/MyCode/eyantra_fpga/eb_2336_task3c/pl_riscv_cpu/code/data_mem.v Line: 38
    Warning (13013): Ports D and ENA on the latch are fed by the same signal reset File: C:/Users/3pm20/Desktop/MyCode/eyantra_fpga/eb_2336_task3c/pl_riscv_cpu/code/pl_riscv_cpu.v Line: 5
Warning (13012): Latch data_mem:datamem|rd_data_mem[7] has unsafe behavior File: C:/Users/3pm20/Desktop/MyCode/eyantra_fpga/eb_2336_task3c/pl_riscv_cpu/code/data_mem.v Line: 38
    Warning (13013): Ports D and ENA on the latch are fed by the same signal riscv_cpu:rvcpu|datapath:dp|pl_reg_em:plem|funct3M[1] File: C:/Users/3pm20/Desktop/MyCode/eyantra_fpga/eb_2336_task3c/pl_riscv_cpu/code/components/pl_reg_em.v Line: 22
Warning (13012): Latch data_mem:datamem|rd_data_mem[8] has unsafe behavior File: C:/Users/3pm20/Desktop/MyCode/eyantra_fpga/eb_2336_task3c/pl_riscv_cpu/code/data_mem.v Line: 38
    Warning (13013): Ports D and ENA on the latch are fed by the same signal riscv_cpu:rvcpu|datapath:dp|pl_reg_em:plem|funct3M[1] File: C:/Users/3pm20/Desktop/MyCode/eyantra_fpga/eb_2336_task3c/pl_riscv_cpu/code/components/pl_reg_em.v Line: 22
Warning (13012): Latch data_mem:datamem|rd_data_mem[9] has unsafe behavior File: C:/Users/3pm20/Desktop/MyCode/eyantra_fpga/eb_2336_task3c/pl_riscv_cpu/code/data_mem.v Line: 38
    Warning (13013): Ports D and ENA on the latch are fed by the same signal riscv_cpu:rvcpu|datapath:dp|pl_reg_em:plem|funct3M[1] File: C:/Users/3pm20/Desktop/MyCode/eyantra_fpga/eb_2336_task3c/pl_riscv_cpu/code/components/pl_reg_em.v Line: 22
Warning (13012): Latch data_mem:datamem|rd_data_mem[10] has unsafe behavior File: C:/Users/3pm20/Desktop/MyCode/eyantra_fpga/eb_2336_task3c/pl_riscv_cpu/code/data_mem.v Line: 38
    Warning (13013): Ports D and ENA on the latch are fed by the same signal riscv_cpu:rvcpu|datapath:dp|pl_reg_em:plem|funct3M[1] File: C:/Users/3pm20/Desktop/MyCode/eyantra_fpga/eb_2336_task3c/pl_riscv_cpu/code/components/pl_reg_em.v Line: 22
Warning (13012): Latch data_mem:datamem|rd_data_mem[11] has unsafe behavior File: C:/Users/3pm20/Desktop/MyCode/eyantra_fpga/eb_2336_task3c/pl_riscv_cpu/code/data_mem.v Line: 38
    Warning (13013): Ports D and ENA on the latch are fed by the same signal riscv_cpu:rvcpu|datapath:dp|pl_reg_em:plem|funct3M[1] File: C:/Users/3pm20/Desktop/MyCode/eyantra_fpga/eb_2336_task3c/pl_riscv_cpu/code/components/pl_reg_em.v Line: 22
Warning (13012): Latch data_mem:datamem|rd_data_mem[12] has unsafe behavior File: C:/Users/3pm20/Desktop/MyCode/eyantra_fpga/eb_2336_task3c/pl_riscv_cpu/code/data_mem.v Line: 38
    Warning (13013): Ports D and ENA on the latch are fed by the same signal riscv_cpu:rvcpu|datapath:dp|pl_reg_em:plem|funct3M[1] File: C:/Users/3pm20/Desktop/MyCode/eyantra_fpga/eb_2336_task3c/pl_riscv_cpu/code/components/pl_reg_em.v Line: 22
Warning (13012): Latch data_mem:datamem|rd_data_mem[13] has unsafe behavior File: C:/Users/3pm20/Desktop/MyCode/eyantra_fpga/eb_2336_task3c/pl_riscv_cpu/code/data_mem.v Line: 38
    Warning (13013): Ports D and ENA on the latch are fed by the same signal riscv_cpu:rvcpu|datapath:dp|pl_reg_em:plem|funct3M[1] File: C:/Users/3pm20/Desktop/MyCode/eyantra_fpga/eb_2336_task3c/pl_riscv_cpu/code/components/pl_reg_em.v Line: 22
Warning (13012): Latch data_mem:datamem|rd_data_mem[14] has unsafe behavior File: C:/Users/3pm20/Desktop/MyCode/eyantra_fpga/eb_2336_task3c/pl_riscv_cpu/code/data_mem.v Line: 38
    Warning (13013): Ports D and ENA on the latch are fed by the same signal riscv_cpu:rvcpu|datapath:dp|pl_reg_em:plem|funct3M[1] File: C:/Users/3pm20/Desktop/MyCode/eyantra_fpga/eb_2336_task3c/pl_riscv_cpu/code/components/pl_reg_em.v Line: 22
Warning (13012): Latch data_mem:datamem|rd_data_mem[15] has unsafe behavior File: C:/Users/3pm20/Desktop/MyCode/eyantra_fpga/eb_2336_task3c/pl_riscv_cpu/code/data_mem.v Line: 38
    Warning (13013): Ports D and ENA on the latch are fed by the same signal riscv_cpu:rvcpu|datapath:dp|pl_reg_em:plem|funct3M[1] File: C:/Users/3pm20/Desktop/MyCode/eyantra_fpga/eb_2336_task3c/pl_riscv_cpu/code/components/pl_reg_em.v Line: 22
Warning (13012): Latch data_mem:datamem|rd_data_mem[16] has unsafe behavior File: C:/Users/3pm20/Desktop/MyCode/eyantra_fpga/eb_2336_task3c/pl_riscv_cpu/code/data_mem.v Line: 38
    Warning (13013): Ports D and ENA on the latch are fed by the same signal riscv_cpu:rvcpu|datapath:dp|pl_reg_em:plem|funct3M[1] File: C:/Users/3pm20/Desktop/MyCode/eyantra_fpga/eb_2336_task3c/pl_riscv_cpu/code/components/pl_reg_em.v Line: 22
Warning (13012): Latch data_mem:datamem|rd_data_mem[17] has unsafe behavior File: C:/Users/3pm20/Desktop/MyCode/eyantra_fpga/eb_2336_task3c/pl_riscv_cpu/code/data_mem.v Line: 38
    Warning (13013): Ports D and ENA on the latch are fed by the same signal riscv_cpu:rvcpu|datapath:dp|pl_reg_em:plem|funct3M[1] File: C:/Users/3pm20/Desktop/MyCode/eyantra_fpga/eb_2336_task3c/pl_riscv_cpu/code/components/pl_reg_em.v Line: 22
Warning (13012): Latch data_mem:datamem|rd_data_mem[18] has unsafe behavior File: C:/Users/3pm20/Desktop/MyCode/eyantra_fpga/eb_2336_task3c/pl_riscv_cpu/code/data_mem.v Line: 38
    Warning (13013): Ports D and ENA on the latch are fed by the same signal riscv_cpu:rvcpu|datapath:dp|pl_reg_em:plem|funct3M[1] File: C:/Users/3pm20/Desktop/MyCode/eyantra_fpga/eb_2336_task3c/pl_riscv_cpu/code/components/pl_reg_em.v Line: 22
Warning (13012): Latch data_mem:datamem|rd_data_mem[19] has unsafe behavior File: C:/Users/3pm20/Desktop/MyCode/eyantra_fpga/eb_2336_task3c/pl_riscv_cpu/code/data_mem.v Line: 38
    Warning (13013): Ports D and ENA on the latch are fed by the same signal riscv_cpu:rvcpu|datapath:dp|pl_reg_em:plem|funct3M[1] File: C:/Users/3pm20/Desktop/MyCode/eyantra_fpga/eb_2336_task3c/pl_riscv_cpu/code/components/pl_reg_em.v Line: 22
Warning (13012): Latch data_mem:datamem|rd_data_mem[20] has unsafe behavior File: C:/Users/3pm20/Desktop/MyCode/eyantra_fpga/eb_2336_task3c/pl_riscv_cpu/code/data_mem.v Line: 38
    Warning (13013): Ports D and ENA on the latch are fed by the same signal riscv_cpu:rvcpu|datapath:dp|pl_reg_em:plem|funct3M[1] File: C:/Users/3pm20/Desktop/MyCode/eyantra_fpga/eb_2336_task3c/pl_riscv_cpu/code/components/pl_reg_em.v Line: 22
Warning (13012): Latch data_mem:datamem|rd_data_mem[21] has unsafe behavior File: C:/Users/3pm20/Desktop/MyCode/eyantra_fpga/eb_2336_task3c/pl_riscv_cpu/code/data_mem.v Line: 38
    Warning (13013): Ports D and ENA on the latch are fed by the same signal riscv_cpu:rvcpu|datapath:dp|pl_reg_em:plem|funct3M[1] File: C:/Users/3pm20/Desktop/MyCode/eyantra_fpga/eb_2336_task3c/pl_riscv_cpu/code/components/pl_reg_em.v Line: 22
Warning (13012): Latch data_mem:datamem|rd_data_mem[22] has unsafe behavior File: C:/Users/3pm20/Desktop/MyCode/eyantra_fpga/eb_2336_task3c/pl_riscv_cpu/code/data_mem.v Line: 38
    Warning (13013): Ports D and ENA on the latch are fed by the same signal riscv_cpu:rvcpu|datapath:dp|pl_reg_em:plem|funct3M[1] File: C:/Users/3pm20/Desktop/MyCode/eyantra_fpga/eb_2336_task3c/pl_riscv_cpu/code/components/pl_reg_em.v Line: 22
Warning (13012): Latch data_mem:datamem|rd_data_mem[23] has unsafe behavior File: C:/Users/3pm20/Desktop/MyCode/eyantra_fpga/eb_2336_task3c/pl_riscv_cpu/code/data_mem.v Line: 38
    Warning (13013): Ports D and ENA on the latch are fed by the same signal riscv_cpu:rvcpu|datapath:dp|pl_reg_em:plem|funct3M[1] File: C:/Users/3pm20/Desktop/MyCode/eyantra_fpga/eb_2336_task3c/pl_riscv_cpu/code/components/pl_reg_em.v Line: 22
Warning (13012): Latch data_mem:datamem|rd_data_mem[24] has unsafe behavior File: C:/Users/3pm20/Desktop/MyCode/eyantra_fpga/eb_2336_task3c/pl_riscv_cpu/code/data_mem.v Line: 38
    Warning (13013): Ports D and ENA on the latch are fed by the same signal riscv_cpu:rvcpu|datapath:dp|pl_reg_em:plem|funct3M[1] File: C:/Users/3pm20/Desktop/MyCode/eyantra_fpga/eb_2336_task3c/pl_riscv_cpu/code/components/pl_reg_em.v Line: 22
Warning (13012): Latch data_mem:datamem|rd_data_mem[25] has unsafe behavior File: C:/Users/3pm20/Desktop/MyCode/eyantra_fpga/eb_2336_task3c/pl_riscv_cpu/code/data_mem.v Line: 38
    Warning (13013): Ports D and ENA on the latch are fed by the same signal riscv_cpu:rvcpu|datapath:dp|pl_reg_em:plem|funct3M[1] File: C:/Users/3pm20/Desktop/MyCode/eyantra_fpga/eb_2336_task3c/pl_riscv_cpu/code/components/pl_reg_em.v Line: 22
Warning (13012): Latch data_mem:datamem|rd_data_mem[26] has unsafe behavior File: C:/Users/3pm20/Desktop/MyCode/eyantra_fpga/eb_2336_task3c/pl_riscv_cpu/code/data_mem.v Line: 38
    Warning (13013): Ports D and ENA on the latch are fed by the same signal riscv_cpu:rvcpu|datapath:dp|pl_reg_em:plem|funct3M[1] File: C:/Users/3pm20/Desktop/MyCode/eyantra_fpga/eb_2336_task3c/pl_riscv_cpu/code/components/pl_reg_em.v Line: 22
Warning (13012): Latch data_mem:datamem|rd_data_mem[27] has unsafe behavior File: C:/Users/3pm20/Desktop/MyCode/eyantra_fpga/eb_2336_task3c/pl_riscv_cpu/code/data_mem.v Line: 38
    Warning (13013): Ports D and ENA on the latch are fed by the same signal riscv_cpu:rvcpu|datapath:dp|pl_reg_em:plem|funct3M[1] File: C:/Users/3pm20/Desktop/MyCode/eyantra_fpga/eb_2336_task3c/pl_riscv_cpu/code/components/pl_reg_em.v Line: 22
Warning (13012): Latch data_mem:datamem|rd_data_mem[28] has unsafe behavior File: C:/Users/3pm20/Desktop/MyCode/eyantra_fpga/eb_2336_task3c/pl_riscv_cpu/code/data_mem.v Line: 38
    Warning (13013): Ports D and ENA on the latch are fed by the same signal riscv_cpu:rvcpu|datapath:dp|pl_reg_em:plem|funct3M[1] File: C:/Users/3pm20/Desktop/MyCode/eyantra_fpga/eb_2336_task3c/pl_riscv_cpu/code/components/pl_reg_em.v Line: 22
Warning (13012): Latch data_mem:datamem|rd_data_mem[29] has unsafe behavior File: C:/Users/3pm20/Desktop/MyCode/eyantra_fpga/eb_2336_task3c/pl_riscv_cpu/code/data_mem.v Line: 38
    Warning (13013): Ports D and ENA on the latch are fed by the same signal riscv_cpu:rvcpu|datapath:dp|pl_reg_em:plem|funct3M[1] File: C:/Users/3pm20/Desktop/MyCode/eyantra_fpga/eb_2336_task3c/pl_riscv_cpu/code/components/pl_reg_em.v Line: 22
Warning (13012): Latch data_mem:datamem|rd_data_mem[30] has unsafe behavior File: C:/Users/3pm20/Desktop/MyCode/eyantra_fpga/eb_2336_task3c/pl_riscv_cpu/code/data_mem.v Line: 38
    Warning (13013): Ports D and ENA on the latch are fed by the same signal riscv_cpu:rvcpu|datapath:dp|pl_reg_em:plem|funct3M[1] File: C:/Users/3pm20/Desktop/MyCode/eyantra_fpga/eb_2336_task3c/pl_riscv_cpu/code/components/pl_reg_em.v Line: 22
Warning (13012): Latch data_mem:datamem|rd_data_mem[31] has unsafe behavior File: C:/Users/3pm20/Desktop/MyCode/eyantra_fpga/eb_2336_task3c/pl_riscv_cpu/code/data_mem.v Line: 38
    Warning (13013): Ports D and ENA on the latch are fed by the same signal riscv_cpu:rvcpu|datapath:dp|pl_reg_em:plem|funct3M[1] File: C:/Users/3pm20/Desktop/MyCode/eyantra_fpga/eb_2336_task3c/pl_riscv_cpu/code/components/pl_reg_em.v Line: 22
Info (286030): Timing-Driven Synthesis is running
Info (144001): Generated suppressed messages file C:/Users/3pm20/Desktop/MyCode/eyantra_fpga/eb_2336_task3c/pl_riscv_cpu/output_files/pl_riscv_cpu.map.smsg
Info (16010): Generating hard_block partition "hard_block:auto_generated_inst"
    Info (16011): Adding 0 node(s), including 0 DDIO, 0 PLL, 0 transceiver and 0 LCELL
Info (21057): Implemented 6145 device resources after synthesis - the final resource count might be different
    Info (21058): Implemented 67 input pins
    Info (21059): Implemented 225 output pins
    Info (21061): Implemented 5757 logic cells
    Info (21064): Implemented 96 RAM segments
Info: Quartus Prime Analysis & Synthesis was successful. 0 errors, 78 warnings
    Info: Peak virtual memory: 4874 megabytes
    Info: Processing ended: Fri Jan 10 23:09:28 2025
    Info: Elapsed time: 00:00:24
    Info: Total CPU time (on all processors): 00:00:10


+------------------------------------------+
; Analysis & Synthesis Suppressed Messages ;
+------------------------------------------+
The suppressed messages can be found in C:/Users/3pm20/Desktop/MyCode/eyantra_fpga/eb_2336_task3c/pl_riscv_cpu/output_files/pl_riscv_cpu.map.smsg.


